,Data,Preço Médio,Emissor
0,2020-04-28,50.5,50787.0
1,2020-04-29,50.5,114144.0
2,2020-04-30,50.5,114144.0
3,2020-05-01,50.5,114144.0
4,2020-05-02,50.5,114144.0
5,2020-05-03,50.5,114144.0
6,2020-05-04,50.5,114144.0
7,2020-05-05,50.5,401213.0
8,2020-05-06,50.5,401213.0
9,2020-05-07,50.5,401213.0
10,2020-05-08,50.5,401213.0
11,2020-05-09,50.5,401213.0
12,2020-05-10,50.5,401213.0
13,2020-05-11,50.5,471676.0
14,2020-05-12,50.5,582912.0
15,2020-05-13,50.5,582912.0
16,2020-05-14,50.5,583549.0
17,2020-05-15,50.5,583549.0
18,2020-05-16,50.5,583549.0
19,2020-05-17,50.5,583549.0
20,2020-05-18,50.5,584018.0
21,2020-05-19,50.5,640225.0
22,2020-05-20,50.5,643266.0
23,2020-05-21,50.5,648446.0
24,2020-05-22,50.5,648446.0
25,2020-05-23,50.5,648446.0
26,2020-05-24,50.5,648446.0
27,2020-05-25,50.5,649834.0
28,2020-05-26,50.5,696508.0
29,2020-05-27,50.5,696508.0
30,2020-05-28,50.5,702026.0
31,2020-05-29,50.5,702026.0
32,2020-05-30,50.5,702026.0
33,2020-05-31,50.5,702026.0
34,2020-06-01,50.5,728574.0
35,2020-06-02,50.5,728574.0
36,2020-06-03,50.5,728818.0
37,2020-06-04,50.5,731888.0
38,2020-06-05,50.5,731888.0
39,2020-06-06,50.5,731888.0
40,2020-06-07,50.5,731888.0
41,2020-06-08,50.5,733007.0
42,2020-06-09,50.5,733133.0
43,2020-06-10,50.5,744470.0
44,2020-06-11,50.5,744470.0
45,2020-06-12,50.5,744470.0
46,2020-06-13,50.5,744470.0
47,2020-06-14,50.5,744470.0
48,2020-06-15,50.5,744649.0
49,2020-06-16,50.5,744649.0
50,2020-06-17,50.5,744649.0
51,2020-06-18,50.5,744649.0
52,2020-06-19,50.5,744649.0
53,2020-06-20,50.5,744649.0
54,2020-06-21,50.5,744649.0
55,2020-06-22,50.5,744649.0
56,2020-06-23,50.5,744649.0
57,2020-06-24,50.5,744649.0
58,2020-06-25,15.0,1050118.0
59,2020-06-26,15.0,1050118.0
60,2020-06-27,15.0,1050118.0
61,2020-06-28,15.0,1050118.0
62,2020-06-29,15.0,1050118.0
63,2020-06-30,15.0,1221063.0
64,2020-07-01,18.0,1239088.0
65,2020-07-02,18.0,1239088.0
66,2020-07-03,18.0,1239088.0
67,2020-07-04,18.0,1239088.0
68,2020-07-05,18.0,1239088.0
69,2020-07-06,20.0,1300206.0
70,2020-07-07,20.0,1300206.0
71,2020-07-08,20.0,1300206.0
72,2020-07-09,20.0,1300206.0
73,2020-07-10,20.0,1300206.0
74,2020-07-11,20.0,1300206.0
75,2020-07-12,20.0,1300206.0
76,2020-07-13,20.0,1300206.0
77,2020-07-14,20.0,1300206.0
78,2020-07-15,20.0,1300206.0
79,2020-07-16,20.0,1300206.0
80,2020-07-17,20.0,1300206.0
81,2020-07-18,20.0,1300206.0
82,2020-07-19,20.0,1300206.0
83,2020-07-20,20.0,2068303.0
84,2020-07-21,20.0,2152918.0
85,2020-07-22,20.0,2152918.0
86,2020-07-23,20.166666,2623325.0
87,2020-07-24,20.166666,2623325.0
88,2020-07-25,20.166666,2623325.0
89,2020-07-26,20.166666,2623325.0
90,2020-07-27,19.9,2853286.0
91,2020-07-28,20.0,2941785.0
92,2020-07-29,20.0,2990149.0
93,2020-07-30,20.0,3749500.0
94,2020-07-31,20.0,3749500.0
95,2020-08-01,20.0,3749500.0
96,2020-08-02,20.0,3749500.0
97,2020-08-03,21.0,3949267.0
98,2020-08-04,20.33333333,4659874.0
99,2020-08-05,20.8,4971261.0
100,2020-08-06,19.92,4960023.0
101,2020-08-07,19.92,4960023.0
102,2020-08-08,19.92,4960023.0
103,2020-08-09,19.92,4960023.0
104,2020-08-10,20.0,5162670.0
105,2020-08-11,20.157048,5187702.0
106,2020-08-12,20.157048,5187702.0
107,2020-08-13,20.157048,5187702.0
108,2020-08-14,20.157048,5187702.0
109,2020-08-15,20.157048,5187702.0
110,2020-08-16,20.157048,5187702.0
111,2020-08-17,20.0,5444108.0
112,2020-08-18,20.0,5444108.0
113,2020-08-19,20.0,5444108.0
114,2020-08-20,20.0,5444108.0
115,2020-08-21,20.0,5444108.0
116,2020-08-22,20.0,5444108.0
117,2020-08-23,20.0,5444108.0
118,2020-08-24,20.0,5444108.0
119,2020-08-25,20.0,5444108.0
120,2020-08-26,20.0,5444108.0
121,2020-08-27,20.0,5444108.0
122,2020-08-28,20.0,5444108.0
123,2020-08-29,20.0,5444108.0
124,2020-08-30,20.0,5444108.0
125,2020-08-31,20.0,5444108.0
126,2020-09-01,20.0,5444108.0
127,2020-09-02,20.0,5444108.0
128,2020-09-03,20.0,5444108.0
129,2020-09-04,20.0,5444108.0
130,2020-09-05,20.0,5444108.0
131,2020-09-06,20.0,5444108.0
132,2020-09-07,20.0,5444108.0
133,2020-09-08,20.0,5444108.0
134,2020-09-09,20.0,5444108.0
135,2020-09-10,20.0,5444108.0
136,2020-09-11,20.0,5444108.0
137,2020-09-12,20.0,5444108.0
138,2020-09-13,20.0,5444108.0
139,2020-09-14,20.0,5444108.0
140,2020-09-15,20.0,5444108.0
141,2020-09-16,20.0,5444108.0
142,2020-09-17,20.0,5444108.0
143,2020-09-18,20.0,5444108.0
144,2020-09-19,20.0,5444108.0
145,2020-09-20,20.0,5444108.0
146,2020-09-21,20.0,5444108.0
147,2020-09-22,20.0,5444108.0
148,2020-09-23,20.0,5444108.0
149,2020-09-24,20.0,5444108.0
150,2020-09-25,20.0,5444108.0
151,2020-09-26,20.0,5444108.0
152,2020-09-27,20.0,5444108.0
153,2020-09-28,20.0,5444108.0
154,2020-09-29,20.0,5444108.0
155,2020-09-30,20.0,5444108.0
156,2020-10-01,20.0,5444108.0
157,2020-10-02,20.0,5444108.0
158,2020-10-03,20.0,5444108.0
159,2020-10-04,20.0,5444108.0
160,2020-10-05,20.0,5444108.0
161,2020-10-06,20.0,5444108.0
162,2020-10-07,20.0,5444108.0
163,2020-10-08,20.0,5444108.0
164,2020-10-09,20.0,5444108.0
165,2020-10-10,20.0,5444108.0
166,2020-10-11,20.0,5444108.0
167,2020-10-12,20.0,5444108.0
168,2020-10-13,20.0,5444108.0
169,2020-10-14,20.0,5444108.0
170,2020-10-15,20.0,5444108.0
171,2020-10-16,20.0,5444108.0
172,2020-10-17,20.0,5444108.0
173,2020-10-18,20.0,5444108.0
174,2020-10-19,50.23694767,5858491.0
175,2020-10-20,50.19293354,6110506.0
176,2020-10-21,50.96493582,5791302.0
177,2020-10-22,54.85142017,5868032.0
178,2020-10-23,54.85142017,5868032.0
179,2020-10-24,54.85142017,5868032.0
180,2020-10-25,54.85142017,5868032.0
181,2020-10-26,61.7346154,4780142.0
182,2020-10-27,62.46666667,4993330.0
183,2020-10-28,61.44390496,5048656.0
184,2020-10-29,64.61111111,5113245.0
185,2020-10-30,64.61111111,5113245.0
186,2020-10-31,64.61111111,5113245.0
187,2020-11-01,64.61111111,5113245.0
188,2020-11-02,64.61111111,5113245.0
189,2020-11-03,64.61111111,5113245.0
190,2020-11-04,59.68505017,5411992.0
191,2020-11-05,51.75325725,5700376.0
192,2020-11-06,51.75325725,5700376.0
193,2020-11-07,51.75325725,5700376.0
194,2020-11-08,51.75325725,5700376.0
195,2020-11-09,48.0453765,5926614.0
196,2020-11-10,45.9098005,5853415.0
197,2020-11-11,37.2881,5932086.0
198,2020-11-12,39.58852165,5972846.0
199,2020-11-13,39.58852165,5972846.0
200,2020-11-14,39.58852165,5972846.0
201,2020-11-15,39.58852165,5972846.0
202,2020-11-16,40.68998056,5985662.0
203,2020-11-17,47.96447787,5988645.0
204,2020-11-18,48.59368037,6012370.0
205,2020-11-19,48.01233333,6069311.0
206,2020-11-20,48.01233333,6069311.0
207,2020-11-21,48.01233333,6069311.0
208,2020-11-22,48.01233333,6069311.0
209,2020-11-23,45.48,6296996.0
210,2020-11-24,44.8217391,6353465.0
211,2020-11-25,41.35619972,6498026.0
212,2020-11-26,40.59553854,6380715.0
213,2020-11-27,40.59553854,6380715.0
214,2020-11-28,40.59553854,6380715.0
215,2020-11-29,40.59553854,6380715.0
216,2020-11-30,40.32925284,6355644.0
217,2020-12-01,40.07519625,6428707.0
218,2020-12-02,42.54216412,5907997.0
219,2020-12-03,42.41152677,5891500.0
220,2020-12-04,42.27806586,5833189.0
221,2020-12-05,42.27806586,5833189.0
222,2020-12-06,42.27806586,5833189.0
223,2020-12-07,42.16552827,6028591.0
224,2020-12-08,44.74190672,5956172.0
225,2020-12-09,46.99280387,5532821.0
226,2020-12-10,48.71304098,5202150.0
227,2020-12-11,48.71304098,5202150.0
228,2020-12-12,48.71304098,5202150.0
229,2020-12-13,48.71304098,5202150.0
230,2020-12-14,48.88811453,4557266.0
231,2020-12-15,41.63332921,4599763.0
232,2020-12-16,38.3526155,4552097.0
233,2020-12-17,34.49392782,4420910.0
234,2020-12-18,34.49392782,4420910.0
235,2020-12-19,34.49392782,4420910.0
236,2020-12-20,34.49392782,4420910.0
237,2020-12-21,33.12549253,4482493.0
238,2020-12-22,33.91611336,4444559.0
239,2020-12-23,36.507771,4259295.0
240,2020-12-24,35.55656205,4009732.0
241,2020-12-25,35.55656205,4009732.0
242,2020-12-26,35.55656205,4009732.0
243,2020-12-27,35.55656205,4009732.0
244,2020-12-28,36.31230291,3973222.0
245,2020-12-29,36.13402272,4018592.0
246,2020-12-30,37.28360941,3749603.0
247,2020-12-31,31.044493,3612363.0
248,2021-01-01,31.044493,3612363.0
249,2021-01-02,31.044493,3612363.0
250,2021-01-03,31.044493,3612363.0
251,2021-01-04,30.28486173,3685570.0
252,2021-01-05,30.28486173,3685570.0
253,2021-01-06,30.76960611,3845214.0
254,2021-01-07,30.0,3848685.0
255,2021-01-08,30.0,3848685.0
256,2021-01-09,30.0,3848685.0
257,2021-01-10,30.0,3848685.0
258,2021-01-11,31.2017986,4055946.0
259,2021-01-12,31.8125,4108762.0
260,2021-01-13,32.02564375,4203240.0
261,2021-01-14,31.99900384,4189839.0
262,2021-01-15,31.99900384,4189839.0
263,2021-01-16,31.99900384,4189839.0
264,2021-01-17,31.99900384,4189839.0
265,2021-01-18,31.904908,4234797.0
266,2021-01-19,31.80769231,4340258.0
267,2021-01-20,31.97759214,4629701.0
268,2021-01-21,32.21837315,4814902.0
269,2021-01-22,32.21837315,4814902.0
270,2021-01-23,32.21837315,4814902.0
271,2021-01-24,32.21837315,4814902.0
272,2021-01-25,32.0,5031995.0
273,2021-01-26,31.91666667,5121182.0
274,2021-01-27,31.9753145,5217707.0
275,2021-01-28,32.01014085,5231575.0
276,2021-01-29,32.08988156,5130472.0
277,2021-01-30,32.08988156,5130472.0
278,2021-01-31,32.08988156,5130472.0
279,2021-02-01,32.10195492,5104218.0
280,2021-02-02,32.14062318,5153952.0
281,2021-02-03,32.29025913,5309784.0
282,2021-02-04,32.19238547,5335238.0
283,2021-02-05,32.19238547,5335238.0
284,2021-02-06,32.19238547,5335238.0
285,2021-02-07,32.19238547,5335238.0
286,2021-02-08,32.10464427,5364436.0
287,2021-02-09,32.31,5402919.0
288,2021-02-10,32.3563854,5502307.0
289,2021-02-11,32.12599435,5512309.0
290,2021-02-12,32.12599435,5512309.0
291,2021-02-13,32.12599435,5512309.0
292,2021-02-14,32.12599435,5512309.0
293,2021-02-15,32.12599435,5512309.0
294,2021-02-16,32.12599435,5512309.0
295,2021-02-17,32.29,5612804.0
296,2021-02-18,32.03925217,5796255.0
297,2021-02-19,32.11672827,6174043.0
298,2021-02-20,32.11672827,6174043.0
299,2021-02-21,32.11672827,6174043.0
300,2021-02-22,32.13034146,6398758.0
301,2021-02-23,32.1491516,6333344.0
302,2021-02-24,32.12608658,6387475.0
303,2021-02-25,32.10792473,6399369.0
304,2021-02-26,32.09754717,6534671.0
305,2021-02-27,32.09754717,6534671.0
306,2021-02-28,32.09754717,6534671.0
307,2021-03-01,32.07352941,6463078.0
308,2021-03-02,32.01642248,6531902.0
309,2021-03-03,31.75602445,6653539.0
310,2021-03-04,31.33672378,6657335.0
311,2021-03-05,30.2797875,6586266.0
312,2021-03-06,30.2797875,6586266.0
313,2021-03-07,30.2797875,6586266.0
314,2021-03-08,30.30142333,6599890.0
315,2021-03-09,30.132031,6595117.0
316,2021-03-10,29.83124806,6736048.0
317,2021-03-11,29.81288965,6861315.0
318,2021-03-12,30.47,6871489.0
319,2021-03-13,30.47,6871489.0
320,2021-03-14,30.47,6871489.0
321,2021-03-15,29.84671043,6973737.0
322,2021-03-16,29.56076533,6898854.0
323,2021-03-17,29.51555535,6903122.0
324,2021-03-18,29.33581926,7201494.0
325,2021-03-19,29.28709436,7174133.0
326,2021-03-20,29.28709436,7174133.0
327,2021-03-21,29.28709436,7174133.0
328,2021-03-22,29.06646752,7142022.0
329,2021-03-23,28.83847319,7067944.0
330,2021-03-24,28.64511128,7199257.0
331,2021-03-25,28.57783223,7606510.0
332,2021-03-26,28.52264389,7555456.0
333,2021-03-27,28.52264389,7555456.0
334,2021-03-28,28.52264389,7555456.0
335,2021-03-29,28.46997429,7596433.0
336,2021-03-30,28.11183298,7542366.0
337,2021-03-31,28.48507846,7496416.0
338,2021-04-01,28.73234408,7377477.0
339,2021-04-02,28.73234408,7377477.0
340,2021-04-03,28.73234408,7377477.0
341,2021-04-04,28.73234408,7377477.0
342,2021-04-05,28.97272727,7375612.0
343,2021-04-06,29.39853618,7644885.0
344,2021-04-07,29.98821545,7643587.0
345,2021-04-08,30.48869565,7483076.0
346,2021-04-09,30.48869565,7483076.0
347,2021-04-10,30.48869565,7483076.0
348,2021-04-11,30.48869565,7483076.0
349,2021-04-12,30.90131714,7292856.0
350,2021-04-13,30.92586207,7204457.0
351,2021-04-14,30.96596774,7210100.0
352,2021-04-15,30.996,7162089.0
353,2021-04-16,30.99982456,7157138.0
354,2021-04-17,30.99982456,7157138.0
355,2021-04-18,30.99982456,7157138.0
356,2021-04-19,30.73088747,7017701.0
357,2021-04-20,30.95361417,7085736.0
358,2021-04-21,30.95361417,7085736.0
359,2021-04-22,31.15982817,7266899.0
360,2021-04-23,31.18944635,7390809.0
361,2021-04-24,31.18944635,7390809.0
362,2021-04-25,31.18944635,7390809.0
363,2021-04-26,31.10161181,7530334.0
364,2021-04-27,31.01106457,7706678.0
365,2021-04-28,30.92433184,7741205.0
366,2021-04-29,30.89903004,7713177.0
367,2021-04-30,30.79211297,7690124.0
368,2021-05-01,30.79211297,7690124.0
369,2021-05-02,30.79211297,7690124.0
370,2021-05-03,30.70108696,7576235.0
371,2021-05-04,31.30511715,7586657.0
372,2021-05-05,30.74048846,7689063.0
373,2021-05-06,30.7275448,7702769.0
374,2021-05-07,30.70519227,7671899.0
375,2021-05-08,30.70519227,7671899.0
376,2021-05-09,30.70519227,7671899.0
377,2021-05-10,30.6875,7602076.0
378,2021-05-11,30.67865484,7621559.0
379,2021-05-12,30.47243035,7618594.0
380,2021-05-13,30.65694437,7498525.0
381,2021-05-14,30.67375338,7450124.0
382,2021-05-15,30.67375338,7450124.0
383,2021-05-16,30.67375338,7450124.0
384,2021-05-17,30.6712217,7333521.0
385,2021-05-18,30.61215281,7227764.0
386,2021-05-19,30.63881316,7511092.0
387,2021-05-20,30.58406594,7489951.0
388,2021-05-21,30.54883854,7431815.0
389,2021-05-22,30.54883854,7431815.0
390,2021-05-23,30.54883854,7431815.0
391,2021-05-24,30.49715071,7769346.0
392,2021-05-25,30.50039669,7919778.0
393,2021-05-26,30.44973752,7950305.0
394,2021-05-27,30.42709834,7892653.0
395,2021-05-28,30.42709834,7892653.0
396,2021-05-29,30.42709834,7892653.0
397,2021-05-30,30.42709834,7892653.0
398,2021-05-31,30.03111111,7813310.0
399,2021-06-01,29.62356291,7829626.0
400,2021-06-02,29.65732087,7789964.0
401,2021-06-03,29.65732087,7789964.0
402,2021-06-04,29.59110814,7866606.0
403,2021-06-05,29.59110814,7866606.0
404,2021-06-06,29.59110814,7866606.0
405,2021-06-07,29.5509681,7995563.0
406,2021-06-08,29.57482589,8058811.0
407,2021-06-09,29.18695644,7982075.0
408,2021-06-10,28.5695432,7872170.0
409,2021-06-11,28.51520833,7766507.0
410,2021-06-12,28.51520833,7766507.0
411,2021-06-13,28.51520833,7766507.0
412,2021-06-14,28.71929632,7803612.0
413,2021-06-15,28.42264954,7791282.0
414,2021-06-16,28.43770987,7887234.0
415,2021-06-17,28.38069731,7754468.0
416,2021-06-18,28.35563029,7819444.0
417,2021-06-19,28.35563029,7819444.0
418,2021-06-20,28.35563029,7819444.0
419,2021-06-21,28.4644786,7902769.0
420,2021-06-22,28.212,7853078.0
421,2021-06-23,28.17478217,8016510.0
422,2021-06-24,27.83438964,7930362.0
423,2021-06-25,27.97166667,7874611.0
424,2021-06-26,27.97166667,7874611.0
425,2021-06-27,27.97166667,7874611.0
426,2021-06-28,27.96161062,7963909.0
427,2021-06-29,27.93380808,8398893.0
428,2021-06-30,27.80409925,8471154.0
429,2021-07-01,27.77003585,8494055.0
430,2021-07-02,27.77003585,8494055.0
431,2021-07-03,27.77003585,8494055.0
432,2021-07-04,27.77003585,8494055.0
433,2021-07-05,27.72578055,8466993.0
434,2021-07-06,27.68497935,8552077.0
435,2021-07-07,27.63100587,8615842.0
436,2021-07-08,27.64318182,8592975.0
437,2021-07-09,27.44572727,8598837.0
438,2021-07-10,27.44572727,8598837.0
439,2021-07-11,27.44572727,8598837.0
440,2021-07-12,27.68676905,8653843.0
441,2021-07-13,27.60770999,8688128.0
442,2021-07-14,27.64588043,8674555.0
443,2021-07-15,27.59970428,8685890.0
444,2021-07-16,27.63165195,8623684.0
445,2021-07-17,27.63165195,8623684.0
446,2021-07-18,27.63165195,8623684.0
447,2021-07-19,27.58154848,8597325.0
448,2021-07-20,27.56665349,9195486.0
449,2021-07-21,27.56218435,9355118.0
450,2021-07-22,27.54569974,9338417.0
451,2021-07-23,27.5044036,9399615.0
452,2021-07-24,27.5044036,9399615.0
453,2021-07-25,27.5044036,9399615.0
454,2021-07-26,27.5354815,9464788.0
455,2021-07-27,27.52583521,9465028.0
456,2021-07-28,27.49229949,9517431.0
457,2021-07-29,27.51124708,9492262.0
458,2021-07-30,27.4787592,9459226.0
459,2021-07-31,27.4787592,9459226.0
460,2021-08-01,27.4787592,9459226.0
461,2021-08-02,27.58983769,9523302.0
462,2021-08-03,27.49247341,9584889.0
463,2021-08-04,27.53273163,9679923.0
464,2021-08-05,27.55855252,9725011.0
465,2021-08-06,27.51047863,9698444.0
466,2021-08-07,27.51047863,9698444.0
467,2021-08-08,27.51047863,9698444.0
468,2021-08-09,27.55546099,9641514.0
469,2021-08-10,27.49761003,9642164.0
470,2021-08-11,27.53087901,9808041.0
471,2021-08-12,27.52780876,9793611.0
472,2021-08-13,27.50382463,9730452.0
473,2021-08-14,27.50382463,9730452.0
474,2021-08-15,27.50382463,9730452.0
475,2021-08-16,27.57731038,9786826.0
476,2021-08-17,27.5348644,9760781.0
477,2021-08-18,27.54865369,10192437.0
478,2021-08-19,27.5350521,10387233.0
479,2021-08-20,27.56693211,10594086.0
480,2021-08-21,27.56693211,10594086.0
481,2021-08-22,27.56693211,10594086.0
482,2021-08-23,27.60788233,10604896.0
483,2021-08-24,27.63030436,10706732.0
484,2021-08-25,27.74955483,10829925.0
485,2021-08-26,27.82039876,10730298.0
486,2021-08-27,28.22428572,10733931.0
487,2021-08-28,28.22428572,10733931.0
488,2021-08-29,28.22428572,10733931.0
489,2021-08-30,29.91359449,10739075.0
490,2021-08-31,30.60554961,10326370.0
491,2021-09-01,31.25698993,10321949.0
492,2021-09-02,32.57266769,10336217.0
493,2021-09-03,36.46583456,10455434.0
494,2021-09-04,36.46583456,10455434.0
495,2021-09-05,36.46583456,10455434.0
496,2021-09-06,39.96520052,9607103.0
497,2021-09-07,39.96520052,9607103.0
498,2021-09-08,39.66781461,9714612.0
499,2021-09-09,39.66781461,9714612.0
500,2021-09-10,39.66781461,9714612.0
501,2021-09-11,39.66781461,9714612.0
502,2021-09-12,39.66781461,9714612.0
503,2021-09-13,45.93999565,8645663.0
504,2021-09-14,45.72943383,8614237.0
505,2021-09-15,43.72330386,8501539.0
506,2021-09-16,43.48376222,8271952.0
507,2021-09-17,43.52648773,7169734.0
508,2021-09-18,43.52648773,7169734.0
509,2021-09-19,43.52648773,7169734.0
510,2021-09-20,44.84697615,7260614.0
511,2021-09-21,47.30465478,6051095.0
512,2021-09-22,48.82742493,6206764.0
513,2021-09-23,48.30236779,6112266.0
514,2021-09-24,47.96277464,6102327.0
515,2021-09-25,47.96277464,6102327.0
516,2021-09-26,47.96277464,6102327.0
517,2021-09-27,47.66471142,6108774.0
518,2021-09-28,46.68414212,6082623.0
519,2021-09-29,45.91465201,6135316.0
520,2021-09-30,45.02895867,5990902.0
521,2021-10-01,44.70731683,5879398.0
522,2021-10-02,44.70731683,5879398.0
523,2021-10-03,44.70731683,5879398.0
524,2021-10-04,44.21856871,5790037.0
525,2021-10-05,44.05248967,5808365.0
526,2021-10-06,44.17054205,5798614.0
527,2021-10-07,44.01009784,5798374.0
528,2021-10-08,44.05620906,5783903.0
529,2021-10-09,44.05620906,5783903.0
530,2021-10-10,44.05620906,5783903.0
531,2021-10-11,43.96989839,5885905.0
532,2021-10-12,43.96989839,5885905.0
533,2021-10-13,43.83380442,5956202.0
534,2021-10-14,43.84178954,5989076.0
535,2021-10-15,43.91545731,5953695.0
536,2021-10-16,43.91545731,5953695.0
537,2021-10-17,43.91545731,5953695.0
538,2021-10-18,43.83683557,5998360.0
539,2021-10-19,43.81720979,6045103.0
540,2021-10-20,43.75641166,6354847.0
541,2021-10-21,43.53441919,6341897.0
542,2021-10-22,43.09700415,6655050.0
543,2021-10-23,43.09700415,6655050.0
544,2021-10-24,43.09700415,6655050.0
545,2021-10-25,42.89784549,6664353.0
546,2021-10-26,42.8407731,6624293.0
547,2021-10-27,42.56180749,6657144.0
548,2021-10-28,42.50665725,6606077.0
549,2021-10-29,42.64483927,6605051.0
550,2021-10-30,42.64483927,6605051.0
551,2021-10-31,42.64483927,6605051.0
552,2021-11-01,43.14528007,6470123.0
553,2021-11-02,43.14528007,6470123.0
554,2021-11-03,43.56869524,6428501.0
555,2021-11-04,44.21008227,6558694.0
556,2021-11-05,45.03756803,6088425.0
557,2021-11-06,45.03756803,6088425.0
558,2021-11-07,45.03756803,6088425.0
559,2021-11-08,45.50863712,5940497.0
560,2021-11-09,47.64395693,5978161.0
561,2021-11-10,47.91110419,5727458.0
562,2021-11-11,47.96805494,5643821.0
563,2021-11-12,47.47911946,5631773.0
564,2021-11-13,47.47911946,5631773.0
565,2021-11-14,47.47911946,5631773.0
566,2021-11-15,47.47911946,5631773.0
567,2021-11-16,47.11553414,5556652.0
568,2021-11-17,47.46174713,5582979.0
569,2021-11-18,47.59083306,5671253.0
570,2021-11-19,47.61417809,5667462.0
571,2021-11-20,47.61417809,5667462.0
572,2021-11-21,47.61417809,5667462.0
573,2021-11-22,47.85541784,5711986.0
574,2021-11-23,47.80804057,6019490.0
575,2021-11-24,47.78611695,5975902.0
576,2021-11-25,48.06990682,6003683.0
577,2021-11-26,48.71020922,5951020.0
578,2021-11-27,48.71020922,5951020.0
579,2021-11-28,48.71020922,5951020.0
580,2021-11-29,48.95022728,5865371.0
581,2021-11-30,49.12577772,5830877.0
582,2021-12-01,49.18103691,5876489.0
583,2021-12-02,49.26409143,5774172.0
584,2021-12-03,49.24453085,5702511.0
585,2021-12-04,49.24453085,5702511.0
586,2021-12-05,49.24453085,5702511.0
587,2021-12-06,49.71816618,5711923.0
588,2021-12-07,50.71661231,5720196.0
589,2021-12-08,53.8618089,5682437.0
590,2021-12-09,54.8570312,5343591.0
591,2021-12-10,59.52667284,5241875.0
592,2021-12-11,59.52667284,5241875.0
593,2021-12-12,59.52667284,5241875.0
594,2021-12-13,62.04236229,5092204.0
595,2021-12-14,62.45535856,5083793.0
596,2021-12-15,59.89827152,5035344.0
597,2021-12-16,59.63778104,4998102.0
598,2021-12-17,60.34462152,5042242.0
599,2021-12-18,60.34462152,5042242.0
600,2021-12-19,60.34462152,5042242.0
601,2021-12-20,59.36257832,5313145.0
602,2021-12-21,60.24226883,5562590.0
603,2021-12-22,59.11369643,5532116.0
604,2021-12-23,59.62194146,5376964.0
605,2021-12-24,59.97696827,5118220.0
606,2021-12-25,59.97696827,5118220.0
607,2021-12-26,59.97696827,5118220.0
608,2021-12-27,60.29705016,5123679.0
609,2021-12-28,60.32749283,5115606.0
610,2021-12-29,59.51351672,5031022.0
611,2021-12-30,58.6712924,5022853.0
612,2021-12-31,58.6712924,5022853.0
613,2022-01-01,58.6712924,5022853.0
614,2022-01-02,58.6712924,5022853.0
615,2022-01-03,58.6712924,5022853.0
616,2022-01-04,58.6712924,5022853.0
617,2022-01-05,45.45867444,5141363.0
618,2022-01-06,52.57765878,5247558.0
619,2022-01-07,53.33302413,5248977.0
620,2022-01-08,53.33302413,5248977.0
621,2022-01-09,53.33302413,5248977.0
622,2022-01-10,53.38237614,5297071.0
623,2022-01-11,54.86877402,5491376.0
624,2022-01-12,55.64151205,5541855.0
625,2022-01-13,55.65982127,5534238.0
626,2022-01-14,55.69435254,5509581.0
627,2022-01-15,55.69435254,5509581.0
628,2022-01-16,55.69435254,5509581.0
629,2022-01-17,56.29864198,5540794.0
630,2022-01-18,57.09783767,5509543.0
631,2022-01-19,60.26977971,6008534.0
632,2022-01-20,62.11679732,6015704.0
633,2022-01-21,66.00115944,5942723.0
634,2022-01-22,66.00115944,5942723.0
635,2022-01-23,66.00115944,5942723.0
636,2022-01-24,69.006079,5734846.0
637,2022-01-25,69.94877223,5659099.0
638,2022-01-26,69.95028279,5719442.0
639,2022-01-27,69.74444011,5721479.0
640,2022-01-28,70.45017675,5685656.0
641,2022-01-29,70.45017675,5685656.0
642,2022-01-30,70.45017675,5685656.0
643,2022-01-31,70.49318785,5465440.0
644,2022-02-01,71.39186454,5459383.0
645,2022-02-02,72.93960222,5459577.0
646,2022-02-03,74.29223552,5446257.0
647,2022-02-04,77.3731976,5348718.0
648,2022-02-05,77.3731976,5348718.0
649,2022-02-06,77.3731976,5348718.0
650,2022-02-07,78.79885119,5190785.0
651,2022-02-08,80.23665531,5111262.0
652,2022-02-09,80.36504602,4982760.0
653,2022-02-10,82.58781213,5079046.0
654,2022-02-11,85.12099138,5005084.0
655,2022-02-12,85.12099138,5005084.0
656,2022-02-13,85.12099138,5005084.0
657,2022-02-14,89.3525358,4823052.0
658,2022-02-15,89.80048764,4681425.0
659,2022-02-16,91.96681196,4679978.0
660,2022-02-17,92.88040173,4641407.0
661,2022-02-18,95.30281992,4717043.0
662,2022-02-19,95.30281992,4717043.0
663,2022-02-20,95.30281992,4717043.0
664,2022-02-21,93.80560699,4718499.0
665,2022-02-22,94.10894951,4747117.0
666,2022-02-23,95.64409422,5289863.0
667,2022-02-24,97.15498075,5317994.0
668,2022-02-25,98.89259227,5154292.0
669,2022-02-26,98.89259227,5154292.0
670,2022-02-27,98.89259227,5154292.0
671,2022-02-28,98.89259227,5154292.0
672,2022-03-01,98.89259227,5154292.0
673,2022-03-02,100.3383765,4877761.0
674,2022-03-03,101.3447472,4896126.0
675,2022-03-04,100.277397,4866800.0
676,2022-03-05,100.277397,4866800.0
677,2022-03-06,100.277397,4866800.0
678,2022-03-07,100.1593919,4894597.0
679,2022-03-08,98.667489,5011372.0
680,2022-03-09,98.09263798,5110999.0
681,2022-03-10,98.77238141,5143130.0
682,2022-03-11,98.0875364,5114458.0
683,2022-03-12,98.0875364,5114458.0
684,2022-03-13,98.0875364,5114458.0
685,2022-03-14,98.07383775,5112732.0
686,2022-03-15,98.02234731,5045345.0
687,2022-03-16,98.26145953,5018288.0
688,2022-03-17,98.58524288,4810630.0
689,2022-03-18,98.58524288,4810630.0
690,2022-03-19,98.58524288,4810630.0
691,2022-03-20,98.58524288,4810630.0
692,2022-03-21,99.85220357,4545973.0
693,2022-03-22,99.03163112,4503758.0
694,2022-03-23,98.52834083,4370549.0
695,2022-03-24,98.27812254,4400703.0
696,2022-03-25,97.89723239,4365620.0
697,2022-03-26,97.89723239,4365620.0
698,2022-03-27,97.89723239,4365620.0
699,2022-03-28,96.38274171,4353122.0
700,2022-03-29,95.35575099,4675411.0
701,2022-03-30,92.6257194,4799130.0
702,2022-03-31,92.55545497,4682646.0
703,2022-04-01,94.2605048,4453464.0
704,2022-04-02,94.2605048,4453464.0
705,2022-04-03,94.2605048,4453464.0
706,2022-04-04,93.53259617,4396052.0
707,2022-04-05,93.28140139,4438029.0
708,2022-04-06,94.25523099,4494650.0
709,2022-04-07,94.94151054,4473505.0
710,2022-04-08,99.23024554,4448915.0
711,2022-04-09,99.23024554,4448915.0
712,2022-04-10,99.23024554,4448915.0
713,2022-04-11,96.235474,3429874.0
714,2022-04-12,97.57670995,3614416.0
715,2022-04-13,98.36198195,3629240.0
716,2022-04-14,100.1901876,3571414.0
717,2022-04-15,100.1901876,3571414.0
718,2022-04-16,100.1901876,3571414.0
719,2022-04-17,100.1901876,3571414.0
720,2022-04-18,99.5893337,3275629.0
721,2022-04-19,99.59491345,3315207.0
722,2022-04-20,99.52386747,3548748.0
723,2022-04-21,99.52386747,3548748.0
724,2022-04-22,99.45078673,3657531.0
725,2022-04-23,99.45078673,3657531.0
726,2022-04-24,99.45078673,3657531.0
727,2022-04-25,99.64241616,3698954.0
728,2022-04-26,99.56448075,4184356.0
729,2022-04-27,99.49945614,4150711.0
730,2022-04-28,99.52984154,4189462.0
731,2022-04-29,99.38293768,4076979.0
732,2022-04-30,99.38293768,4076979.0
733,2022-05-01,99.38293768,4076979.0
734,2022-05-02,99.66494192,4028822.0
735,2022-05-03,100.4900388,3972483.0
736,2022-05-04,99.85530714,3563455.0
737,2022-05-05,100.136688,3690671.0
738,2022-05-06,100.6657711,3656717.0
739,2022-05-07,100.6657711,3656717.0
740,2022-05-08,100.6657711,3656717.0
741,2022-05-09,101.0164646,3556127.0
742,2022-05-10,101.3442051,3642483.0
743,2022-05-11,101.931337,3662811.0
744,2022-05-12,102.0144097,3629658.0
745,2022-05-13,102.3110127,3609546.0
746,2022-05-14,102.3110127,3609546.0
747,2022-05-15,102.3110127,3609546.0
748,2022-05-16,102.9080845,3626785.0
749,2022-05-17,104.6970351,3621047.0
750,2022-05-18,108.3770775,3524736.0
751,2022-05-19,108.4165356,3592037.0
752,2022-05-20,108.3870096,3541893.0
753,2022-05-21,108.3870096,3541893.0
754,2022-05-22,108.3870096,3541893.0
755,2022-05-23,109.8363827,3689944.0
756,2022-05-24,114.1588132,3491816.0
757,2022-05-25,118.4055693,3650816.0
758,2022-05-26,119.265556,3625018.0
759,2022-05-27,117.784603,3467816.0
760,2022-05-28,117.784603,3467816.0
761,2022-05-29,117.784603,3467816.0
762,2022-05-30,118.3951311,3439876.0
763,2022-05-31,119.0609351,3511752.0
764,2022-06-01,119.4766476,3527556.0
765,2022-06-02,119.5525901,3494495.0
766,2022-06-03,119.5589322,3500524.0
767,2022-06-04,119.5589322,3500524.0
768,2022-06-05,119.5589322,3500524.0
769,2022-06-06,119.8039466,3516728.0
770,2022-06-07,120.0268679,3554080.0
771,2022-06-08,120.279971,3630422.0
772,2022-06-09,125.9267031,3537524.0
773,2022-06-10,128.9110859,3227686.0
774,2022-06-11,128.9110859,3227686.0
775,2022-06-12,128.9110859,3227686.0
776,2022-06-13,131.1086867,3201758.0
777,2022-06-14,133.2193153,3134667.0
778,2022-06-15,142.0688523,3234028.0
779,2022-06-16,142.0688523,3234028.0
780,2022-06-17,156.3177389,3036333.0
781,2022-06-18,156.3177389,3036333.0
782,2022-06-19,156.3177389,3036333.0
783,2022-06-20,169.4883519,2788781.0
784,2022-06-21,170.7264974,2839204.0
785,2022-06-22,171.4247184,2935290.0
786,2022-06-23,174.0466305,2877099.0
787,2022-06-24,177.3159461,2790088.0
788,2022-06-25,177.3159461,2790088.0
789,2022-06-26,177.3159461,2790088.0
790,2022-06-27,180.203745,2454573.0
791,2022-06-28,186.7029441,2107268.0
792,2022-06-29,196.9111722,2042641.0
793,2022-06-30,202.6518418,1869612.0
794,2022-07-01,196.3293242,1855427.0
795,2022-07-02,196.3293242,1855427.0
796,2022-07-03,196.3293242,1855427.0
797,2022-07-04,196.4655873,1862723.0
798,2022-07-05,196.6571253,1871214.0
799,2022-07-06,197.2604316,1911621.0
800,2022-07-07,196.3091962,1985117.0
801,2022-07-08,195.1702641,1958876.0
802,2022-07-09,195.1702641,1958876.0
803,2022-07-10,195.1702641,1958876.0
804,2022-07-11,194.1914066,1880869.0
805,2022-07-12,194.2142327,1871684.0
806,2022-07-13,193.5137567,1841610.0
807,2022-07-14,188.8620374,1862754.0
808,2022-07-15,175.2551717,1836417.0
809,2022-07-16,175.2551717,1836417.0
810,2022-07-17,175.2551717,1836417.0
811,2022-07-18,153.9493017,1862871.0
812,2022-07-19,126.0987813,1905677.0
813,2022-07-20,108.083701,2057409.0
814,2022-07-21,96.50624678,2119932.0
815,2022-07-22,101.3158681,2092452.0
816,2022-07-23,101.3158681,2092452.0
817,2022-07-24,101.3158681,2092452.0
818,2022-07-25,101.3158681,2092452.0
819,2022-07-26,101.339232,2499529.0
820,2022-07-27,99.34799527,2634023.0
821,2022-07-28,99.48040519,2671354.0
822,2022-07-29,93.56687775,2732862.0
823,2022-07-30,93.56687775,2732862.0
824,2022-07-31,93.56687775,2732862.0
825,2022-08-01,93.89124048,2757547.0
826,2022-08-02,95.57810712,2833400.0
827,2022-08-03,90.40832091,2900256.0
828,2022-08-04,90.45140854,2917427.0
829,2022-08-05,90.15264869,2909524.0
830,2022-08-06,90.15264869,2909524.0
831,2022-08-07,90.15264869,2909524.0
832,2022-08-08,89.56418182,2914750.0
833,2022-08-09,90.10048037,3004594.0
834,2022-08-10,90.01808594,3072492.0
835,2022-08-11,90.28960951,3093423.0
836,2022-08-12,90.84414766,3111210.0
837,2022-08-13,90.84414766,3111210.0
838,2022-08-14,90.84414766,3111210.0
839,2022-08-15,91.45165621,3133272.0
840,2022-08-16,91.42322963,3184704.0
841,2022-08-17,90.99253177,3279056.0
842,2022-08-18,90.81263264,3382336.0
843,2022-08-19,90.63700571,3468666.0
844,2022-08-20,90.63700571,3468666.0
845,2022-08-21,90.63700571,3468666.0
846,2022-08-22,90.07492535,3536084.0
847,2022-08-23,90.3139027,3662822.0
848,2022-08-24,90.09293135,3714148.0
849,2022-08-25,89.90207962,4088975.0
850,2022-08-26,89.69738023,4186531.0
851,2022-08-27,89.69738023,4186531.0
852,2022-08-28,89.69738023,4186531.0
853,2022-08-29,88.81822117,4224070.0
854,2022-08-30,88.22142904,4269562.0
855,2022-08-31,87.75500508,4392654.0
856,2022-09-01,86.84541554,4404423.0
857,2022-09-02,86.56576978,4455606.0
858,2022-09-03,86.56576978,4455606.0
859,2022-09-04,86.56576978,4455606.0
860,2022-09-05,85.87773958,4484360.0
861,2022-09-06,82.33433792,4546195.0
862,2022-09-07,82.33433792,4546195.0
863,2022-09-08,68.186927,4546515.0
864,2022-09-09,61.20776154,4590661.0
865,2022-09-10,61.20776154,4590661.0
866,2022-09-11,61.20776154,4590661.0
867,2022-09-12,65.48410082,4570891.0
868,2022-09-13,69.29057188,4636078.0
869,2022-09-14,69.29057188,4636078.0
870,2022-09-15,69.29057188,4636078.0
871,2022-09-16,69.29057188,4636078.0
872,2022-09-17,69.29057188,4636078.0
873,2022-09-18,69.29057188,4636078.0
874,2022-09-19,69.29057188,4636078.0
875,2022-09-20,69.29057188,4636078.0
876,2022-09-21,69.29057188,4636078.0
877,2022-09-22,69.29057188,4636078.0
878,2022-09-23,69.29057188,4636078.0
879,2022-09-24,69.29057188,4636078.0
880,2022-09-25,69.29057188,4636078.0
881,2022-09-26,87.10418769,5475519.0
882,2022-09-27,86.9072979,5466108.0
883,2022-09-28,87.23688036,5555916.0
884,2022-09-29,87.1519986,5564194.0
885,2022-09-30,88.01025081,5565715.0
886,2022-10-01,88.01025081,5565715.0
887,2022-10-02,88.01025081,5565715.0
888,2022-10-03,88.39513245,5543491.0
889,2022-10-04,88.45156125,5578190.0
890,2022-10-05,88.87431876,5668010.0
891,2022-10-06,88.98675468,5594366.0
892,2022-10-07,89.04527251,5610703.0
893,2022-10-08,89.04527251,5610703.0
894,2022-10-09,89.04527251,5610703.0
895,2022-10-10,89.36000634,5513525.0
896,2022-10-11,89.35541885,5512457.0
897,2022-10-12,89.35541885,5512457.0
898,2022-10-13,89.02595051,5604557.0
899,2022-10-14,89.19537801,5581294.0
900,2022-10-15,89.19537801,5581294.0
901,2022-10-16,89.19537801,5581294.0
902,2022-10-17,89.2449374,5553458.0
903,2022-10-18,89.07390891,5586426.0
904,2022-10-19,88.75315427,5720253.0
905,2022-10-20,88.86409708,5749527.0
906,2022-10-21,88.90139098,5872661.0
907,2022-10-22,88.90139098,5872661.0
908,2022-10-23,88.90139098,5872661.0
909,2022-10-24,89.2479764,6012796.0
910,2022-10-25,89.89840814,6033966.0
911,2022-10-26,90.78162778,5846984.0
912,2022-10-27,91.91684399,5743222.0
913,2022-10-28,93.68933128,5963413.0
914,2022-10-29,93.68933128,5963413.0
915,2022-10-30,93.68933128,5963413.0
916,2022-10-31,97.78405537,5743824.0
917,2022-11-01,100.6920451,5678129.0
918,2022-11-02,100.6920451,5678129.0
919,2022-11-03,101.1827399,5550190.0
920,2022-11-04,101.1827399,5550190.0
921,2022-11-05,101.1827399,5550190.0
922,2022-11-06,101.1827399,5550190.0
923,2022-11-07,102.2134285,5465414.0
924,2022-11-08,101.9150684,5506989.0
925,2022-11-09,101.7929959,5599187.0
926,2022-11-10,101.9067619,5539142.0
927,2022-11-11,102.104333,5517367.0
928,2022-11-12,102.104333,5517367.0
929,2022-11-13,102.104333,5517367.0
930,2022-11-14,102.0433645,5520015.0
931,2022-11-15,102.0433645,5520015.0
932,2022-11-16,101.4968045,5574376.0
933,2022-11-17,102.1593837,5649053.0
934,2022-11-18,101.7172785,5754516.0
935,2022-11-19,101.7172785,5754516.0
936,2022-11-20,101.7172785,5754516.0
937,2022-11-21,101.0820462,5906465.0
938,2022-11-22,100.2776114,6246335.0
939,2022-11-23,99.48982903,6612248.0
940,2022-11-24,99.70550136,6651050.0
941,2022-11-25,99.33968084,6705184.0
942,2022-11-26,99.33968084,6705184.0
943,2022-11-27,99.33968084,6705184.0
944,2022-11-28,98.49277532,6792786.0
945,2022-11-29,97.09072979,6842515.0
946,2022-11-30,93.97660307,6886782.0
947,2022-12-01,89.7385742,6902139.0
948,2022-12-02,85.72376423,6905530.0
949,2022-12-03,85.72376423,6905530.0
950,2022-12-04,85.72376423,6905530.0
951,2022-12-05,85.64113608,6928319.0
952,2022-12-06,85.60895109,6962261.0
953,2022-12-07,84.46816966,6909692.0
954,2022-12-08,84.50758116,6945130.0
955,2022-12-09,84.76028717,6929525.0
956,2022-12-10,84.76028717,6929525.0
957,2022-12-11,84.76028717,6929525.0
958,2022-12-12,85.13844579,6928975.0
959,2022-12-13,85.99644756,6936723.0
960,2022-12-14,86.78560333,6924555.0
961,2022-12-15,87.09829193,6990080.0
962,2022-12-16,87.97196926,6994291.0
963,2022-12-17,87.97196926,6994291.0
964,2022-12-18,87.97196926,6994291.0
965,2022-12-19,88.19061855,7025695.0
966,2022-12-20,88.65175342,7170920.0
967,2022-12-21,88.83382992,7732854.0
968,2022-12-22,87.84934795,7780095.0
969,2022-12-23,87.48019251,7811236.0
970,2022-12-24,87.48019251,7811236.0
971,2022-12-25,87.48019251,7811236.0
972,2022-12-26,87.37652492,7858242.0
973,2022-12-27,86.20718405,7895959.0
974,2022-12-28,86.52838847,8109312.0
975,2022-12-29,85.56114663,8104030.0
976,2022-12-30,87.0,7975700.0
977,2022-12-31,87.0,7975700.0
978,2023-01-01,87.0,7975700.0
979,2023-01-02,87.0,7975700.0
980,2023-01-03,85.01610879,8189193.0
981,2023-01-04,86.60815963,8245867.0
982,2023-01-05,86.2118046,8250178.0
983,2023-01-06,86.39777227,8157359.0
984,2023-01-07,86.39777227,8157359.0
985,2023-01-08,86.39777227,8157359.0
986,2023-01-09,86.1126887,8229512.0
987,2023-01-10,86.56587993,8207401.0
988,2023-01-11,86.55075285,8257500.0
989,2023-01-12,86.59818692,8192928.0
990,2023-01-13,87.06426852,8352886.0
991,2023-01-14,87.06426852,8352886.0
992,2023-01-15,87.06426852,8352886.0
993,2023-01-16,87.14749719,8215362.0
994,2023-01-17,87.10257593,8257882.0
995,2023-01-18,87.11070349,8314933.0
996,2023-01-19,87.09840618,8181365.0
997,2023-01-20,87.23607785,8175723.0
998,2023-01-21,87.23607785,8175723.0
999,2023-01-22,87.23607785,8175723.0
1000,2023-01-23,87.23264294,8117766.0
1001,2023-01-24,87.13436802,8161520.0
1002,2023-01-25,87.12305175,8657251.0
1003,2023-01-26,88.08238902,8745268.0
1004,2023-01-27,88.08238902,8745268.0
1005,2023-01-28,88.08238902,8745268.0
1006,2023-01-29,88.08238902,8745268.0
1007,2023-01-30,91.10843071,8466967.0
1008,2023-01-31,93.02806501,8440834.0
1009,2023-02-01,94.93727352,8275354.0
1010,2023-02-02,94.91646317,8152041.0
1011,2023-02-03,95.54283224,8156455.0
1012,2023-02-04,95.54283224,8156455.0
1013,2023-02-05,95.54283224,8156455.0
1014,2023-02-06,95.30600859,8058523.0
1015,2023-02-07,96.46413882,8127794.0
1016,2023-02-08,97.16370197,7989667.0
1017,2023-02-09,97.5247977,7913439.0
1018,2023-02-10,98.09693014,7889026.0
1019,2023-02-11,98.09693014,7889026.0
1020,2023-02-12,98.09693014,7889026.0
1021,2023-02-13,99.54609448,7834820.0
1022,2023-02-14,100.1512282,7644187.0
1023,2023-02-15,100.1723516,7341850.0
1024,2023-02-16,100.5907669,7273312.0
1025,2023-02-17,100.2593143,7244252.0
1026,2023-02-18,100.2593143,7244252.0
1027,2023-02-19,100.2593143,7244252.0
1028,2023-02-20,100.2593143,7244252.0
1029,2023-02-21,100.2593143,7244252.0
1030,2023-02-22,100.148506,7286047.0
1031,2023-02-23,100.8577415,8025879.0
1032,2023-02-24,100.64299,7976804.0
1033,2023-02-25,100.64299,7976804.0
1034,2023-02-26,100.64299,7976804.0
1035,2023-02-27,100.0772703,7907915.0
1036,2023-02-28,99.79112265,7979046.0
1037,2023-03-01,99.62165257,8065487.0
1038,2023-03-02,99.25745106,8023629.0
1039,2023-03-03,98.67363217,7972351.0
1040,2023-03-04,98.67363217,7972351.0
1041,2023-03-05,98.67363217,7972351.0
1042,2023-03-06,98.48171151,7951239.0
1043,2023-03-07,98.40036105,7948088.0
1044,2023-03-08,98.53766411,7934405.0
1045,2023-03-09,98.29923856,7878326.0
1046,2023-03-10,98.21136113,7825621.0
1047,2023-03-11,98.21136113,7825621.0
1048,2023-03-12,98.21136113,7825621.0
1049,2023-03-13,98.30455424,7656421.0
1050,2023-03-14,98.20401022,7659906.0
1051,2023-03-15,98.23701178,7647140.0
1052,2023-03-16,98.20142371,7608553.0
1053,2023-03-17,98.07551448,7498766.0
1054,2023-03-18,98.07551448,7498766.0
1055,2023-03-19,98.07551448,7498766.0
1056,2023-03-20,98.03568199,7414541.0
1057,2023-03-21,97.82429704,7430393.0
1058,2023-03-22,97.49319989,7537111.0
1059,2023-03-23,97.0728177,7546809.0
1060,2023-03-24,95.82111186,7623152.0
1061,2023-03-25,95.82111186,7623152.0
1062,2023-03-26,95.82111186,7623152.0
1063,2023-03-27,95.37860417,7746140.0
1064,2023-03-28,97.22005572,7726987.0
1065,2023-03-29,97.03993703,7711706.0
1066,2023-03-30,96.20153875,7736612.0
1067,2023-03-31,95.70689682,8150933.0
1068,2023-04-01,95.70689682,8150933.0
1069,2023-04-02,95.70689682,8150933.0
1070,2023-04-03,96.1258436,7779786.0
1071,2023-04-04,96.15798033,7860791.0
1072,2023-04-05,95.43090898,7966153.0
1073,2023-04-06,94.57126384,7866563.0
1074,2023-04-07,94.57126384,7866563.0
1075,2023-04-08,94.57126384,7866563.0
1076,2023-04-09,94.57126384,7866563.0
1077,2023-04-10,94.81898094,7876598.0
1078,2023-04-11,94.87452631,7869092.0
1079,2023-04-12,94.86926081,7850871.0
1080,2023-04-13,94.88301557,7897964.0
1081,2023-04-14,94.73463466,7872616.0
1082,2023-04-15,94.73463466,7872616.0
1083,2023-04-16,94.73463466,7872616.0
1084,2023-04-17,94.39193458,7783815.0
1085,2023-04-18,94.24116701,7829607.0
1086,2023-04-19,94.64619217,8007719.0
1087,2023-04-20,94.66617417,7973454.0
1088,2023-04-21,94.66617417,7973454.0
1089,2023-04-22,94.66617417,7973454.0
1090,2023-04-23,94.66617417,7973454.0
1091,2023-04-24,94.95992126,7894011.0
1092,2023-04-25,95.08025304,7964472.0
1093,2023-04-26,95.16925743,7919557.0
1094,2023-04-27,95.78610876,7965728.0
1095,2023-04-28,96.91216019,7951180.0
1096,2023-04-29,96.91216019,7951180.0
1097,2023-04-30,96.91216019,7951180.0
1098,2023-05-01,96.91216019,7951180.0
1099,2023-05-02,97.40675749,8003590.0
1100,2023-05-03,97.46581325,8122791.0
1101,2023-05-04,99.40116613,8217066.0
1102,2023-05-05,100.1966307,7887863.0
1103,2023-05-06,100.1966307,7887863.0
1104,2023-05-07,100.1966307,7887863.0
1105,2023-05-08,100.1200059,7766466.0
1106,2023-05-09,100.0472029,7524479.0
1107,2023-05-10,99.99667412,7633405.0
1108,2023-05-11,99.98775887,7476084.0
1109,2023-05-12,99.92767982,7203392.0
1110,2023-05-13,99.92767982,7203392.0
1111,2023-05-14,99.92767982,7203392.0
1112,2023-05-15,100.2322757,7176170.0
1113,2023-05-16,100.541878,7172864.0
1114,2023-05-17,101.9832678,7051917.0
1115,2023-05-18,102.641926,7016257.0
1116,2023-05-19,105.38836,7191246.0
1117,2023-05-20,105.38836,7191246.0
1118,2023-05-21,105.38836,7191246.0
1119,2023-05-22,110.2063126,7350857.0
1120,2023-05-23,117.6799652,7370478.0
1121,2023-05-24,128.7225886,7315158.0
1122,2023-05-25,135.2642452,7036399.0
1123,2023-05-26,135.4478817,6798932.0
1124,2023-05-27,135.4478817,6798932.0
1125,2023-05-28,135.4478817,6798932.0
1126,2023-05-29,133.3593131,6706258.0
1127,2023-05-30,132.7693171,6715368.0
1128,2023-05-31,130.1327361,6763034.0
1129,2023-06-01,128.422276,6667232.0
1130,2023-06-02,125.522847,6728675.0
1131,2023-06-03,125.522847,6728675.0
1132,2023-06-04,125.522847,6728675.0
1133,2023-06-05,126.317406,6689458.0
1134,2023-06-06,128.050767,6678509.0
1135,2023-06-07,130.071422,6637084.0
1136,2023-06-08,130.071422,6637084.0
1137,2023-06-09,130.804726,6595731.0
1138,2023-06-10,130.804726,6595731.0
1139,2023-06-11,130.804726,6595731.0
1140,2023-06-12,131.472742,6680874.0
1141,2023-06-13,131.804091,6688985.0
1142,2023-06-14,132.147863,6686004.0
1143,2023-06-15,132.893728,6609711.0
1144,2023-06-16,134.506061,6565801.0
1145,2023-06-17,134.506061,6565801.0
1146,2023-06-18,134.506061,6565801.0
1147,2023-06-19,136.559388,6617909.0
1148,2023-06-20,139.059433,6448908.0
1149,2023-06-21,143.81404,6170467.0
1150,2023-06-22,144.297113,6366327.0
1151,2023-06-23,140.144267,6595537.0
1152,2023-06-24,140.144267,6595537.0
1153,2023-06-25,140.144267,6595537.0
1154,2023-06-26,138.736591,6754844.0
1155,2023-06-27,138.295193,6752933.0
1156,2023-06-28,137.360385,6646862.0
1157,2023-06-29,137.175779,6484396.0
1158,2023-06-30,141.287007,6394100.0
1159,2023-07-01,141.287007,6394100.0
1160,2023-07-02,141.287007,6394100.0
1161,2023-07-03,147.983037,6201351.0
1162,2023-07-04,147.705903,6294945.0
1163,2023-07-05,147.07448,6290387.0
1164,2023-07-06,145.765279,6286372.0
1165,2023-07-07,145.258014,6238684.0
1166,2023-07-08,145.258014,6238684.0
1167,2023-07-09,145.258014,6238684.0
1168,2023-07-10,142.487947,6285115.0
1169,2023-07-11,140.214545,6375085.0
1170,2023-07-12,139.063906,6400083.0
1171,2023-07-13,138.605583,6420920.0
1172,2023-07-14,138.415164,6468128.0
1173,2023-07-15,138.415164,6468128.0
1174,2023-07-16,138.415164,6468128.0
1175,2023-07-17,136.665336,6499765.0
1176,2023-07-18,134.1189,6616951.0
1177,2023-07-19,129.456685,6687524.0
1178,2023-07-20,114.399258,6672467.0
1179,2023-07-21,106.026035,6829890.0
1180,2023-07-22,106.026035,6829890.0
1181,2023-07-23,106.026035,6829890.0
1182,2023-07-24,111.316992,7215246.0
1183,2023-07-25,122.637251,7302967.0
1184,2023-07-26,129.683718,7221776.0
1185,2023-07-27,136.780213,7136249.0
1186,2023-07-28,138.909675,6947561.0
1187,2023-07-29,138.909675,6947561.0
1188,2023-07-30,138.909675,6947561.0
1189,2023-07-31,134.162355,7017661.0
1190,2023-08-01,132.152395,7043623.0
1191,2023-08-02,132.475917,7081515.0
1192,2023-08-03,134.809437,7033431.0
1193,2023-08-04,134.660184,6997276.0
1194,2023-08-05,134.660184,6997276.0
1195,2023-08-06,134.660184,6997276.0
1196,2023-08-07,133.012787,7026706.0
1197,2023-08-08,134.988243,7060981.0
1198,2023-08-09,136.341618,7016837.0
1199,2023-08-10,137.097746,7055637.0
1200,2023-08-11,137.764616,7065292.0
1201,2023-08-12,137.764616,7065292.0
1202,2023-08-13,137.764616,7065292.0
1203,2023-08-14,138.411672,7091306.0
1204,2023-08-15,138.280402,7176205.0
1205,2023-08-16,137.226741,7198424.0
1206,2023-08-17,135.536032,7234143.0
1207,2023-08-18,134.058491,7314998.0
1208,2023-08-19,134.058491,7314998.0
1209,2023-08-20,134.058491,7314998.0
1210,2023-08-21,133.48501,7363832.0
1211,2023-08-22,131.504924,7437168.0
1212,2023-08-23,129.334914,7512769.0
1213,2023-08-24,125.106778,7579465.0
1214,2023-08-25,120.810145,8064063.0
1215,2023-08-26,120.810145,8064063.0
1216,2023-08-27,120.810145,8064063.0
1217,2023-08-28,118.984476,8164615.0
1218,2023-08-29,119.458412,8187996.0
1219,2023-08-30,121.283889,8162324.0
1220,2023-08-31,122.784179,8163769.0
1221,2023-09-01,122.999632,8131190.0
1222,2023-09-02,122.999632,8131190.0
1223,2023-09-03,122.999632,8131190.0
1224,2023-09-04,123.235849,8162354.0
1225,2023-09-05,124.432857,8287731.0
1226,2023-09-06,124.98883,8244687.0
1227,2023-09-07,124.98883,8244687.0
1228,2023-09-08,124.591119,8275236.0
1229,2023-09-09,124.591119,8275236.0
1230,2023-09-10,124.591119,8275236.0
1231,2023-09-11,124.485058,8331747.0
1232,2023-09-12,125.065131,8333914.0
1233,2023-09-13,125.964013,8320811.0
1234,2023-09-14,126.160383,8273841.0
1235,2023-09-15,126.877559,8271471.0
1236,2023-09-16,126.877559,8271471.0
1237,2023-09-17,126.877559,8271471.0
1238,2023-09-18,126.395142,8251008.0
1239,2023-09-19,125.183103,8312679.0
1240,2023-09-20,123.9508,8358682.0
1241,2023-09-21,121.656379,8488636.0
1242,2023-09-22,119.26252,8587569.0
1243,2023-09-23,119.26252,8587569.0
1244,2023-09-24,119.26252,8587569.0
1245,2023-09-25,119.103202,8614510.0
1246,2023-09-26,120.231209,8676036.0
1247,2023-09-27,120.458579,9016877.0
1248,2023-09-28,120.667821,8925280.0
1249,2023-09-29,119.591529,8907467.0
1250,2023-09-30,119.591529,8907467.0
1251,2023-10-01,119.591529,8907467.0
1252,2023-10-02,118.552302,8846560.0
1253,2023-10-03,118.878898,8884904.0
1254,2023-10-04,117.326291,8933599.0
1255,2023-10-05,114.45367,8977907.0
1256,2023-10-06,113.757519,9039984.0
1257,2023-10-07,113.757519,9039984.0
1258,2023-10-08,113.757519,9039984.0
1259,2023-10-09,111.130817,9149266.0
1260,2023-10-10,107.076177,9234604.0
1261,2023-10-11,100.962435,9125791.0
1262,2023-10-12,100.962435,9125791.0
1263,2023-10-13,101.076789,9054729.0
1264,2023-10-14,101.076789,9054729.0
1265,2023-10-15,101.076789,9054729.0
1266,2023-10-16,103.687596,8998791.0
1267,2023-10-17,111.961012,8964321.0
1268,2023-10-18,112.809442,9114470.0
1269,2023-10-19,112.071704,8987156.0
1270,2023-10-20,110.350204,9091928.0
1271,2023-10-21,110.350204,9091928.0
1272,2023-10-22,110.350204,9091928.0
1273,2023-10-23,109.483365,9475910.0
1274,2023-10-24,112.132565,9600021.0
1275,2023-10-25,112.374592,9615122.0
1276,2023-10-26,111.891136,9471231.0
1277,2023-10-27,112.411946,9352374.0
1278,2023-10-28,112.411946,9352374.0
1279,2023-10-29,112.411946,9352374.0
1280,2023-10-30,112.911533,9262232.0
1281,2023-10-31,113.742444,9255025.0
1282,2023-11-01,114.708771,9154034.0
1283,2023-11-02,114.708771,9154034.0
1284,2023-11-03,116.463121,9154486.0
1285,2023-11-04,116.463121,9154486.0
1286,2023-11-05,116.463121,9154486.0
1287,2023-11-06,118.216857,9161944.0
1288,2023-11-07,118.915047,9148067.0
1289,2023-11-08,119.807045,8945380.0
1290,2023-11-09,118.029134,8946949.0
1291,2023-11-10,118.13369,8894404.0
1292,2023-11-11,118.13369,8894404.0
1293,2023-11-12,118.13369,8894404.0
1294,2023-11-13,119.767726,8779037.0
1295,2023-11-14,121.216896,8758861.0
1296,2023-11-15,121.216896,8758861.0
1297,2023-11-16,121.907275,8949179.0
1298,2023-11-17,123.372335,9029514.0
1299,2023-11-18,123.372335,9029514.0
1300,2023-11-19,123.372335,9029514.0
1301,2023-11-20,123.970857,9096083.0
1302,2023-11-21,123.804856,10208162.0
1303,2023-11-22,124.644605,9938250.0
1304,2023-11-23,124.987532,9858524.0
1305,2023-11-24,123.863452,9810411.0
1306,2023-11-25,123.863452,9810411.0
1307,2023-11-26,123.863452,9810411.0
1308,2023-11-27,123.139451,9874601.0
1309,2023-11-28,122.668111,9872537.0
1310,2023-11-29,123.02573,9828488.0
1311,2023-11-30,123.984956,9723275.0
1312,2023-12-01,122.640336,9867862.0
1313,2023-12-02,122.640336,9867862.0
1314,2023-12-03,122.640336,9867862.0
1315,2023-12-04,121.946183,9789684.0
1316,2023-12-05,119.766473,9854099.0
1317,2023-12-06,117.934126,9853982.0
1318,2023-12-07,108.932353,9830593.0
1319,2023-12-08,111.362576,9802044.0
1320,2023-12-09,111.362576,9802044.0
1321,2023-12-10,111.362576,9802044.0
1322,2023-12-11,113.986141,9824498.0
1323,2023-12-12,113.040816,9871429.0
1324,2023-12-13,110.077261,9929242.0
1325,2023-12-14,110.004733,9862451.0
1326,2023-12-15,110.227559,8857670.0
1327,2023-12-16,110.227559,8857670.0
1328,2023-12-17,110.227559,8857670.0
1329,2023-12-18,110.033198,9306164.0
1330,2023-12-19,109.884346,9339424.0
1331,2023-12-20,108.063713,9314186.0
1332,2023-12-21,103.069134,9038627.0
1333,2023-12-22,102.754379,9044025.0
1334,2023-12-23,102.754379,9044025.0
1335,2023-12-24,102.754379,9044025.0
1336,2023-12-25,102.754379,9044025.0
1337,2023-12-26,104.197338,8940150.0
1338,2023-12-27,104.001955,9038343.0
1339,2023-12-28,105.97995,8964626.0
1340,2023-12-29,111.18047,8946390.0
1341,2023-12-30,111.18047,8946390.0
1342,2023-12-31,111.18047,8946390.0
1343,2024-01-01,111.18047,8946390.0
1344,2024-01-02,108.068464,8949710.0
1345,2024-01-03,105.675353,8973454.0
1346,2024-01-04,105.03169,8950694.0
1347,2024-01-05,105.523795,8984324.0
1348,2024-01-06,105.523795,8984324.0
1349,2024-01-07,105.523795,8984324.0
1350,2024-01-08,105.761098,8996576.0
1351,2024-01-09,106.947558,9073284.0
1352,2024-01-10,107.102077,9033552.0
1353,2024-01-11,108.024797,8900806.0
1354,2024-01-12,110.282072,8565932.0
1355,2024-01-13,110.282072,8565932.0
1356,2024-01-14,110.282072,8565932.0
1357,2024-01-15,112.490118,8493483.0
1358,2024-01-16,115.268605,8381027.0
1359,2024-01-17,116.181878,8653105.0
1360,2024-01-18,116.920333,8880308.0
1361,2024-01-19,116.773619,8945059.0
1362,2024-01-20,116.773619,8945059.0
1363,2024-01-21,116.773619,8945059.0
1364,2024-01-22,115.592836,9029183.0
1365,2024-01-23,114.410693,9194055.0
1366,2024-01-24,113.674031,9165361.0
1367,2024-01-25,112.789543,9210777.0
1368,2024-01-26,113.047602,9228650.0
1369,2024-01-27,113.047602,9228650.0
1370,2024-01-28,113.047602,9228650.0
1371,2024-01-29,112.499004,9141664.0
1372,2024-01-30,111.390877,9057685.0
1373,2024-01-31,112.377274,8977691.0
1374,2024-02-01,111.852741,8939875.0
1375,2024-02-02,111.607931,8955746.0
1376,2024-02-03,111.607931,8955746.0
1377,2024-02-04,111.607931,8955746.0
1378,2024-02-05,111.584362,8926973.0
1379,2024-02-06,112.161666,8966381.0
1380,2024-02-07,111.649819,8878744.0
1381,2024-02-08,111.794428,8973207.0
1382,2024-02-09,111.055973,8889036.0
1383,2024-02-10,111.055973,8889036.0
1384,2024-02-11,111.055973,8889036.0
1385,2024-02-12,111.055973,8889036.0
1386,2024-02-13,111.055973,8889036.0
1387,2024-02-14,110.328801,8919529.0
1388,2024-02-15,110.193517,9052528.0
1389,2024-02-16,110.011716,9037214.0
1390,2024-02-17,110.011716,9037214.0
1391,2024-02-18,110.011716,9037214.0
1392,2024-02-19,109.855559,9666404.0
1393,2024-02-20,108.635008,9571946.0
1394,2024-02-21,107.522167,9578393.0
1395,2024-02-22,105.018322,9631628.0
1396,2024-02-23,100.35501,9360199.0
1397,2024-02-24,100.35501,9360199.0
1398,2024-02-25,100.35501,9360199.0
1399,2024-02-26,100.148942,9149616.0
1400,2024-02-27,99.609846,9027768.0
1401,2024-02-28,99.826508,8874959.0
1402,2024-02-29,100.538983,8761117.0
1403,2024-03-01,100.436918,8805641.0
1404,2024-03-02,100.436918,8805641.0
1405,2024-03-03,100.436918,8805641.0
1406,2024-03-04,100.986528,8902589.0
1407,2024-03-05,100.510016,9018236.0
1408,2024-03-06,100.072196,9144604.0
1409,2024-03-07,99.929002,9051810.0
1410,2024-03-08,99.865841,9002608.0
1411,2024-03-09,99.865841,9002608.0
1412,2024-03-10,99.865841,9002608.0
1413,2024-03-11,98.677249,8994417.0
1414,2024-03-12,99.502484,9124505.0
1415,2024-03-13,98.4047,9093762.0
1416,2024-03-14,97.663946,8986712.0
1417,2024-03-15,96.944798,8926944.0
1418,2024-03-16,96.944798,8926944.0
1419,2024-03-17,96.944798,8926944.0
1420,2024-03-18,96.178117,9420200.0
1421,2024-03-19,95.314374,9573353.0
1422,2024-03-20,94.658443,9499736.0
1423,2024-03-21,95.507556,9526700.0
1424,2024-03-22,99.096724,9621758.0
1425,2024-03-23,99.096724,9621758.0
1426,2024-03-24,99.096724,9621758.0
1427,2024-03-25,96.427767,9750213.0
1428,2024-03-26,98.018242,9784940.0
1429,2024-03-27,97.89516,9843637.0
1430,2024-03-28,101.685898,9498384.0
1431,2024-03-29,101.685898,9498384.0
1432,2024-03-30,101.685898,9498384.0
1433,2024-03-31,101.685898,9498384.0
1434,2024-04-01,96.004956,9602381.0
1435,2024-04-02,96.716281,9678826.0
1436,2024-04-03,97.519793,9663193.0
1437,2024-04-04,98.124363,9646286.0
1438,2024-04-05,99.045932,9558979.0
1439,2024-04-06,99.045932,9558979.0
1440,2024-04-07,99.045932,9558979.0
1441,2024-04-08,100.265951,9399957.0
1442,2024-04-09,101.088872,9448780.0
1443,2024-04-10,100.49701,9464103.0
1444,2024-04-11,100.583565,9584659.0
1445,2024-04-12,100.066032,9570357.0
1446,2024-04-13,100.066032,9570357.0
1447,2024-04-14,100.066032,9570357.0
1448,2024-04-15,99.96702,9670966.0
1449,2024-04-16,99.705234,9825817.0
1450,2024-04-17,99.55534,10391268.0
1451,2024-04-18,99.608251,10502310.0
1452,2024-04-19,99.311811,10502280.0
1453,2024-04-20,99.311811,10502280.0
1454,2024-04-21,99.311811,10502280.0
1455,2024-04-22,99.445445,10619937.0
1456,2024-04-23,99.110937,10665961.0
1457,2024-04-24,97.502691,10625077.0
1458,2024-04-25,94.725706,10465066.0
1459,2024-04-26,93.887522,10488583.0
1460,2024-04-27,93.887522,10488583.0
1461,2024-04-28,93.887522,10488583.0
1462,2024-04-29,95.064368,10385551.0
1463,2024-04-30,98.617608,10412467.0
1464,2024-05-01,98.617608,10412467.0
1465,2024-05-02,97.643166,10471392.0
1466,2024-05-03,95.607593,10486594.0
1467,2024-05-04,95.607593,10486594.0
1468,2024-05-05,95.607593,10486594.0
1469,2024-05-06,95.936096,10524277.0
1470,2024-05-07,95.725297,10532245.0
1471,2024-05-08,96.004059,10534899.0
1472,2024-05-09,95.063756,10429306.0
1473,2024-05-10,95.335533,10396736.0
1474,2024-05-11,95.335533,10396736.0
1475,2024-05-12,95.335533,10396736.0
1476,2024-05-13,95.150609,10419782.0
1477,2024-05-14,94.657828,10520988.0
1478,2024-05-15,94.760423,10474287.0
1479,2024-05-16,94.059766,10474754.0
1480,2024-05-17,92.800695,11056490.0
1481,2024-05-18,92.800695,11056490.0
1482,2024-05-19,92.800695,11056490.0
1483,2024-05-20,91.997543,11157929.0
1484,2024-05-21,90.638321,11312822.0
1485,2024-05-22,88.758762,11292415.0
1486,2024-05-23,87.307173,11211364.0
1487,2024-05-24,85.295498,11195867.0
1488,2024-05-25,85.295498,11195867.0
1489,2024-05-26,85.295498,11195867.0
1490,2024-05-27,84.250709,11282082.0
1491,2024-05-28,83.559301,11330388.0
1492,2024-05-29,82.665681,11322693.0
1493,2024-05-30,82.665681,11322693.0
1494,2024-05-31,81.978998,11081583.0
1495,2024-06-01,81.978998,11081583.0
1496,2024-06-02,81.978998,11081583.0
1497,2024-06-03,80.568957,11106143.0
1498,2024-06-04,79.997285,11227945.0
1499,2024-06-05,78.309599,11319686.0
1500,2024-06-06,70.682749,11290029.0
1501,2024-06-07,65.821107,11184248.0
1502,2024-06-08,65.821107,11184248.0
1503,2024-06-09,65.821107,11184248.0
1504,2024-06-10,73.556859,10753298.0
1505,2024-06-11,78.886789,10895876.0
1506,2024-06-12,81.239465,10752744.0
1507,2024-06-13,82.722346,10687585.0
1508,2024-06-14,83.943221,10730827.0
1509,2024-06-15,83.943221,10730827.0
1510,2024-06-16,83.943221,10730827.0
1511,2024-06-17,83.888225,10897120.0
1512,2024-06-18,83.273527,11493382.0
1513,2024-06-19,83.126724,11562616.0
1514,2024-06-20,82.995889,11637918.0
1515,2024-06-21,81.846851,11680262.0
1516,2024-06-22,81.846851,11680262.0
1517,2024-06-23,81.846851,11680262.0
1518,2024-06-24,81.239658,11799792.0
1519,2024-06-25,79.485423,11899662.0
1520,2024-06-26,78.048072,11937257.0
1521,2024-06-27,76.159338,11939186.0
1522,2024-06-28,76.239567,11853943.0
1523,2024-06-29,76.239567,11853943.0
1524,2024-06-30,76.239567,11853943.0
1525,2024-07-01,77.829638,11892182.0
1526,2024-07-02,79.250977,11975554.0
1527,2024-07-03,79.934547,11948488.0
1528,2024-07-04,77.569547,11982489.0
1529,2024-07-05,75.947039,12104185.0
1530,2024-07-06,75.947039,12104185.0
1531,2024-07-07,75.947039,12104185.0
1532,2024-07-08,76.395263,12134202.0
1533,2024-07-09,75.588946,12126851.0
1534,2024-07-10,75.317784,12075280.0
1535,2024-07-11,74.236742,12085641.0
1536,2024-07-12,73.400927,12076522.0
1537,2024-07-13,73.400927,12076522.0
1538,2024-07-14,73.400927,12076522.0
1539,2024-07-15,72.325467,12216705.0
1540,2024-07-16,69.840913,12211408.0
1541,2024-07-17,70.600999,12012025.0
1542,2024-07-18,71.686843,11918273.0
1543,2024-07-19,72.959128,11896453.0
1544,2024-07-20,72.959128,11896453.0
1545,2024-07-21,72.959128,11896453.0
1546,2024-07-22,75.027041,12229678.0
1547,2024-07-23,75.478561,12246399.0
1548,2024-07-24,76.12827,12299672.0
1549,2024-07-25,76.68501,12232661.0
1550,2024-07-26,77.687725,12214460.0
1551,2024-07-27,77.687725,12214460.0
1552,2024-07-28,77.687725,12214460.0
1553,2024-07-29,77.466712,12198643.0
1554,2024-07-30,77.383448,12188014.0
1555,2024-07-31,76.723577,12169733.0
1556,2024-08-01,75.476934,12164689.0
1557,2024-08-02,74.3798,12113729.0
1558,2024-08-03,74.3798,12113729.0
1559,2024-08-04,74.3798,12113729.0
1560,2024-08-05,73.761852,12336478.0
1561,2024-08-06,73.085693,12367485.0
1562,2024-08-07,72.214125,12433039.0
1563,2024-08-08,70.5011,12399710.0
1564,2024-08-09,70.397183,12207517.0
1565,2024-08-10,70.397183,12207517.0
1566,2024-08-11,70.397183,12207517.0
1567,2024-08-12,71.910688,12337447.0
1568,2024-08-13,71.817851,12451176.0
1569,2024-08-14,71.620589,12399810.0
1570,2024-08-15,72.243761,12157963.0
1571,2024-08-16,74.340756,12017244.0
1572,2024-08-17,74.340756,12017244.0
1573,2024-08-18,74.340756,12017244.0
1574,2024-08-19,75.022824,12171554.0
1575,2024-08-20,74.083606,12710741.0
1576,2024-08-21,74.047556,12799187.0
1577,2024-08-22,74.620575,12802022.0
1578,2024-08-23,74.514695,12691451.0
1579,2024-08-24,74.514695,12691451.0
1580,2024-08-25,74.514695,12691451.0
1581,2024-08-26,74.361128,12717976.0
1582,2024-08-27,74.178673,12544858.0
1583,2024-08-28,74.766208,12390169.0
1584,2024-08-29,74.765416,12270763.0
1585,2024-08-30,74.772296,12254264.0
1586,2024-08-31,74.772296,12254264.0
1587,2024-09-01,74.772296,12254264.0
1588,2024-09-02,74.832533,12219844.0
1589,2024-09-03,74.856049,12160521.0
1590,2024-09-04,75.040443,12120405.0
1591,2024-09-05,75.243842,11815197.0
1592,2024-09-06,76.84836,11713082.0
1593,2024-09-07,76.84836,11713082.0
1594,2024-09-08,76.84836,11713082.0
1595,2024-09-09,77.066465,11784206.0
1596,2024-09-10,77.72234,11716043.0
1597,2024-09-11,77.977491,11762728.0
1598,2024-09-12,78.060147,11752103.0
1599,2024-09-13,79.367032,11920049.0
1600,2024-09-14,79.367032,11920049.0
1601,2024-09-15,79.367032,11920049.0
1602,2024-09-16,80.671482,11954053.0
1603,2024-09-17,80.355368,12355985.0
1604,2024-09-18,80.840781,12252428.0
1605,2024-09-19,82.516973,12252191.0
1606,2024-09-20,82.951561,12322932.0
1607,2024-09-21,82.951561,12322932.0
1608,2024-09-22,82.951561,12322932.0
1609,2024-09-23,81.544118,12326816.0
1610,2024-09-24,80.233473,12493490.0
1611,2024-09-25,80.108539,12441231.0
1612,2024-09-26,79.937137,12401249.0
1613,2024-09-27,80.030963,12296255.0
1614,2024-09-28,80.030963,12296255.0
1615,2024-09-29,80.030963,12296255.0
1616,2024-09-30,79.541138,12305243.0
1617,2024-10-01,79.575396,12907820.0
1618,2024-10-02,79.99899,12771543.0
1619,2024-10-03,79.405049,12579427.0
1620,2024-10-04,78.168943,12557514.0
1621,2024-10-05,78.168943,12557514.0
1622,2024-10-06,78.168943,12557514.0
1623,2024-10-07,77.806942,12627469.0
1624,2024-10-08,78.048767,12717451.0
1625,2024-10-09,79.72714,12491228.0
1626,2024-10-10,80.469981,12102715.0
1627,2024-10-11,82.163236,11865855.0
1628,2024-10-12,82.163236,11865855.0
1629,2024-10-13,82.163236,11865855.0
1630,2024-10-14,84.313531,11909725.0
1631,2024-10-15,85.246862,11912140.0
1632,2024-10-16,85.354862,11649901.0
1633,2024-10-17,85.346353,11685081.0
1634,2024-10-18,85.957116,11632418.0
1635,2024-10-19,85.957116,11632418.0
1636,2024-10-20,85.957116,11632418.0
1637,2024-10-21,89.770574,11523563.0
1638,2024-10-22,90.796846,11827302.0
1639,2024-10-23,88.874535,11910123.0
1640,2024-10-24,87.114474,11937325.0
1641,2024-10-25,84.977377,11874046.0
1642,2024-10-26,84.977377,11874046.0
1643,2024-10-27,84.977377,11874046.0
1644,2024-10-28,84.424071,12033877.0
1645,2024-10-29,84.431475,12172454.0
1646,2024-10-30,82.199795,12266756.0
1647,2024-10-31,83.523963,12124437.0
1648,2024-11-01,86.343329,12029651.0
2009,2024-11-04,86.435252,12277751.0
2010,2024-11-05,85.010619,12308826.0
2011,2024-11-06,83.114204,12436673.0
2012,2024-11-07,82.497422,12473906.0
2013,2024-11-08,83.356127,12398049.0
2014,2024-11-11,83.771971,12370978.0
2015,2024-11-12,84.780725,12322908.0
2016,2024-11-13,84.212312,12208790.0
2017,2024-11-14,82.471549,12163095.0
2018,2024-11-18,82.00161,12262039.0
2019,2024-11-19,81.421052,12470256.0
2020,2024-11-21,80.369533,12539930.0
2021,2024-11-22,79.595536,12528326.0
2022,2024-11-25,79.86533,13006946.0
2023,2024-11-26,80.067017,13070883.0
2024,2024-11-27,79.971612,13091099.0
2025,2024-11-28,79.177595,13088601.0
2026,2024-11-29,81.418443,12593673.0
2027,2024-12-02,79.411442,12626110.0
2028,2024-12-03,79.272296,12745856.0
2029,2024-12-04,77.070798,12708850.0
2030,2024-12-05,75.966457,12752201.0
2031,2024-12-06,75.325486,12727223.0
2032,2024-12-09,74.664727,12871350.0
2033,2024-12-10,74.621513,13146470.0
2034,2024-12-11,74.237493,13074364.0
2035,2024-12-12,73.17998,13071184.0
2036,2024-12-13,68.808934,12623421.0
2037,2024-12-16,72.08417,12663995.0
2038,2024-12-17,71.032216,12846218.0
2039,2024-12-18,70.784847,13597363.0
2040,2024-12-19,72.378841,13334834.0
2041,2024-12-20,76.786472,13155174.0
2042,2024-12-23,74.554921,13194051.0
2043,2024-12-24,76.857561,13250938.0
2044,2024-12-26,76.438889,13244379.0
2045,2024-12-27,76.591037,13273532.0
2046,2024-12-30,76.859967,13295224.0
2047,2024-12-31,70.087293,13371851.0
2048,2025-01-02,71.131021,13403406.0
2049,2025-01-03,75.644253,13435754.0
2050,2025-01-06,77.484875,13467855.0
2051,2025-01-07,77.380754,13480747.0
2052,2025-01-08,76.260991,13675531.0
2053,2025-01-09,76.92848,13627432.0
2054,2025-01-10,77.500151,13642523.0
2055,2025-01-13,77.694361,13754194.0
2056,2025-01-14,77.687959,13887017.0
2057,2025-01-15,77.82108,13747600.0
2058,2025-01-16,77.555627,13724220.0
2059,2025-01-17,76.800134,13721461.0
2060,2025-01-20,76.551352,14165287.0
2061,2025-01-21,75.52484,14540547.0
2062,2025-01-22,74.315608,14383310.0
2063,2025-01-23,74.650358,14365203.0
2064,2025-01-24,74.99553,14192261.0
2065,2025-01-27,74.68423,14394654.0
2066,2025-01-28,74.927767,14393142.0
2067,2025-01-29,74.944081,14297819.0
2068,2025-01-30,74.736996,14076701.0
2069,2025-01-31,74.822528,14438735.0
2070,2025-02-03,74.986503,14402257.0
2071,2025-02-04,75.033571,14381341.0
2072,2025-02-05,75.532049,14279111.0
2073,2025-02-06,75.220864,14290919.0
2074,2025-02-07,75.589701,14064825.0
2075,2025-02-10,75.876944,14189592.0
2076,2025-02-11,76.536664,14096038.0
2077,2025-02-12,79.271215,13312380.0
2078,2025-02-13,79.68484,13090871.0
2079,2025-02-14,78.455419,13116746.0
2080,2025-02-17,78.334675,13153001.0
2081,2025-02-18,78.643928,13821465.0
2082,2025-02-19,78.219533,13962549.0
2083,2025-02-20,78.070085,13986387.0
2084,2025-02-21,78.15026,14010883.0
2085,2025-02-24,77.947238,14047313.0
2086,2025-02-25,77.640113,14054700.0
2087,2025-02-26,77.114874,13992643.0
2088,2025-02-27,76.39388,13930715.0
2089,2025-02-28,75.355051,13915789.0
2090,2025-03-05,74.274441,14200605.0
2091,2025-03-06,74.053228,14301342.0
2092,2025-03-07,73.607945,14259160.0
2093,2025-03-10,71.151187,14193939.0
2094,2025-03-11,69.589014,14104356.0
2095,2025-03-12,69.531707,13864467.0
2096,2025-03-13,69.023597,13927217.0
2097,2025-03-14,69.527394,13847682.0
2098,2025-03-17,69.941844,13889703.0
2099,2025-03-18,70.332976,14405043.0
2100,2025-03-19,70.884648,14310733.0
2101,2025-03-20,71.160213,14163665.0
2102,2025-03-21,71.9947,13996703.0
2103,2025-03-24,72.043694,14047973.0
2104,2025-03-25,71.388699,14764271.0
2105,2025-03-26,69.84595,14633087.0
2106,2025-03-27,68.347007,14625084.0
2107,2025-03-28,68.844696,14608819.0
2108,2025-03-31,68.93834,14531449.0
2109,2025-04-01,68.859177,14577777.0
2110,2025-04-02,70.08473,14556624.0
2111,2025-04-03,70.016965,14586672.0
2112,2025-04-04,70.070179,14689798.0
2113,2025-04-07,70.039887,14684186.0
2114,2025-04-08,70.171749,14722496.0
