Data,Preço Médio,Emissor
2020-04-28,50.5,50787
2020-04-29,50.5,114144
2020-04-30,50.5,114144
2020-05-01,50.5,114144
2020-05-02,50.5,114144
2020-05-03,50.5,114144
2020-05-04,50.5,114144
2020-05-05,50.5,401213
2020-05-06,50.5,401213
2020-05-07,50.5,401213
2020-05-08,50.5,401213
2020-05-09,50.5,401213
2020-05-10,50.5,401213
2020-05-11,50.5,471676
2020-05-12,50.5,582912
2020-05-13,50.5,582912
2020-05-14,50.5,583549
2020-05-15,50.5,583549
2020-05-16,50.5,583549
2020-05-17,50.5,583549
2020-05-18,50.5,584018
2020-05-19,50.5,640225
2020-05-20,50.5,643266
2020-05-21,50.5,648446
2020-05-22,50.5,648446
2020-05-23,50.5,648446
2020-05-24,50.5,648446
2020-05-25,50.5,649834
2020-05-26,50.5,696508
2020-05-27,50.5,696508
2020-05-28,50.5,702026
2020-05-29,50.5,702026
2020-05-30,50.5,702026
2020-05-31,50.5,702026
2020-06-01,50.5,728574
2020-06-02,50.5,728574
2020-06-03,50.5,728818
2020-06-04,50.5,731888
2020-06-05,50.5,731888
2020-06-06,50.5,731888
2020-06-07,50.5,731888
2020-06-08,50.5,733007
2020-06-09,50.5,733133
2020-06-10,50.5,744470
2020-06-11,50.5,744470
2020-06-12,50.5,744470
2020-06-13,50.5,744470
2020-06-14,50.5,744470
2020-06-15,50.5,744649
2020-06-16,50.5,744649
2020-06-17,50.5,744649
2020-06-18,50.5,744649
2020-06-19,50.5,744649
2020-06-20,50.5,744649
2020-06-21,50.5,744649
2020-06-22,50.5,744649
2020-06-23,50.5,744649
2020-06-24,50.5,744649
2020-06-25,15.0,1050118
2020-06-26,15.0,1050118
2020-06-27,15.0,1050118
2020-06-28,15.0,1050118
2020-06-29,15.0,1050118
2020-06-30,15.0,1221063
2020-07-01,18.0,1239088
2020-07-02,18.0,1239088
2020-07-03,18.0,1239088
2020-07-04,18.0,1239088
2020-07-05,18.0,1239088
2020-07-06,20.0,1300206
2020-07-07,20.0,1300206
2020-07-08,20.0,1300206
2020-07-09,20.0,1300206
2020-07-10,20.0,1300206
2020-07-11,20.0,1300206
2020-07-12,20.0,1300206
2020-07-13,20.0,1300206
2020-07-14,20.0,1300206
2020-07-15,20.0,1300206
2020-07-16,20.0,1300206
2020-07-17,20.0,1300206
2020-07-18,20.0,1300206
2020-07-19,20.0,1300206
2020-07-20,20.0,2068303
2020-07-21,20.0,2152918
2020-07-22,20.0,2152918
2020-07-23,20.166666,2623325
2020-07-24,20.166666,2623325
2020-07-25,20.166666,2623325
2020-07-26,20.166666,2623325
2020-07-27,19.9,2853286
2020-07-28,20.0,2941785
2020-07-29,20.0,2990149
2020-07-30,20.0,3749500
2020-07-31,20.0,3749500
2020-08-01,20.0,3749500
2020-08-02,20.0,3749500
2020-08-03,21.0,3949267
2020-08-04,20.33333333,4659874
2020-08-05,20.8,4971261
2020-08-06,19.92,4960023
2020-08-07,19.92,4960023
2020-08-08,19.92,4960023
2020-08-09,19.92,4960023
2020-08-10,20.0,5162670
2020-08-11,20.157048,5187702
2020-08-12,20.157048,5187702
2020-08-13,20.157048,5187702
2020-08-14,20.157048,5187702
2020-08-15,20.157048,5187702
2020-08-16,20.157048,5187702
2020-08-17,20.0,5444108
2020-08-18,20.0,5444108
2020-08-19,20.0,5444108
2020-08-20,20.0,5444108
2020-08-21,20.0,5444108
2020-08-22,20.0,5444108
2020-08-23,20.0,5444108
2020-08-24,20.0,5444108
2020-08-25,20.0,5444108
2020-08-26,20.0,5444108
2020-08-27,20.0,5444108
2020-08-28,20.0,5444108
2020-08-29,20.0,5444108
2020-08-30,20.0,5444108
2020-08-31,20.0,5444108
2020-09-01,20.0,5444108
2020-09-02,20.0,5444108
2020-09-03,20.0,5444108
2020-09-04,20.0,5444108
2020-09-05,20.0,5444108
2020-09-06,20.0,5444108
2020-09-07,20.0,5444108
2020-09-08,20.0,5444108
2020-09-09,20.0,5444108
2020-09-10,20.0,5444108
2020-09-11,20.0,5444108
2020-09-12,20.0,5444108
2020-09-13,20.0,5444108
2020-09-14,20.0,5444108
2020-09-15,20.0,5444108
2020-09-16,20.0,5444108
2020-09-17,20.0,5444108
2020-09-18,20.0,5444108
2020-09-19,20.0,5444108
2020-09-20,20.0,5444108
2020-09-21,20.0,5444108
2020-09-22,20.0,5444108
2020-09-23,20.0,5444108
2020-09-24,20.0,5444108
2020-09-25,20.0,5444108
2020-09-26,20.0,5444108
2020-09-27,20.0,5444108
2020-09-28,20.0,5444108
2020-09-29,20.0,5444108
2020-09-30,20.0,5444108
2020-10-01,20.0,5444108
2020-10-02,20.0,5444108
2020-10-03,20.0,5444108
2020-10-04,20.0,5444108
2020-10-05,20.0,5444108
2020-10-06,20.0,5444108
2020-10-07,20.0,5444108
2020-10-08,20.0,5444108
2020-10-09,20.0,5444108
2020-10-10,20.0,5444108
2020-10-11,20.0,5444108
2020-10-12,20.0,5444108
2020-10-13,20.0,5444108
2020-10-14,20.0,5444108
2020-10-15,20.0,5444108
2020-10-16,20.0,5444108
2020-10-17,20.0,5444108
2020-10-18,20.0,5444108
2020-10-19,50.23694767,5858491
2020-10-20,50.19293354,6110506
2020-10-21,50.96493582,5791302
2020-10-22,54.85142017,5868032
2020-10-23,54.85142017,5868032
2020-10-24,54.85142017,5868032
2020-10-25,54.85142017,5868032
2020-10-26,61.7346154,4780142
2020-10-27,62.46666667,4993330
2020-10-28,61.44390496,5048656
2020-10-29,64.61111111,5113245
2020-10-30,64.61111111,5113245
2020-10-31,64.61111111,5113245
2020-11-01,64.61111111,5113245
2020-11-02,64.61111111,5113245
2020-11-03,64.61111111,5113245
2020-11-04,59.68505017,5411992
2020-11-05,51.75325725,5700376
2020-11-06,51.75325725,5700376
2020-11-07,51.75325725,5700376
2020-11-08,51.75325725,5700376
2020-11-09,48.0453765,5926614
2020-11-10,45.9098005,5853415
2020-11-11,37.2881,5932086
2020-11-12,39.58852165,5972846
2020-11-13,39.58852165,5972846
2020-11-14,39.58852165,5972846
2020-11-15,39.58852165,5972846
2020-11-16,40.68998056,5985662
2020-11-17,47.96447787,5988645
2020-11-18,48.59368037,6012370
2020-11-19,48.01233333,6069311
2020-11-20,48.01233333,6069311
2020-11-21,48.01233333,6069311
2020-11-22,48.01233333,6069311
2020-11-23,45.48,6296996
2020-11-24,44.8217391,6353465
2020-11-25,41.35619972,6498026
2020-11-26,40.59553854,6380715
2020-11-27,40.59553854,6380715
2020-11-28,40.59553854,6380715
2020-11-29,40.59553854,6380715
2020-11-30,40.32925284,6355644
2020-12-01,40.07519625,6428707
2020-12-02,42.54216412,5907997
2020-12-03,42.41152677,5891500
2020-12-04,42.27806586,5833189
2020-12-05,42.27806586,5833189
2020-12-06,42.27806586,5833189
2020-12-07,42.16552827,6028591
2020-12-08,44.74190672,5956172
2020-12-09,46.99280387,5532821
2020-12-10,48.71304098,5202150
2020-12-11,48.71304098,5202150
2020-12-12,48.71304098,5202150
2020-12-13,48.71304098,5202150
2020-12-14,48.88811453,4557266
2020-12-15,41.63332921,4599763
2020-12-16,38.3526155,4552097
2020-12-17,34.49392782,4420910
2020-12-18,34.49392782,4420910
2020-12-19,34.49392782,4420910
2020-12-20,34.49392782,4420910
2020-12-21,33.12549253,4482493
2020-12-22,33.91611336,4444559
2020-12-23,36.507771,4259295
2020-12-24,35.55656205,4009732
2020-12-25,35.55656205,4009732
2020-12-26,35.55656205,4009732
2020-12-27,35.55656205,4009732
2020-12-28,36.31230291,3973222
2020-12-29,36.13402272,4018592
2020-12-30,37.28360941,3749603
2020-12-31,31.044493,3612363
2021-01-01,31.044493,3612363
2021-01-02,31.044493,3612363
2021-01-03,31.044493,3612363
2021-01-04,30.28486173,3685570
2021-01-05,30.28486173,3685570
2021-01-06,30.76960611,3845214
2021-01-07,30.0,3848685
2021-01-08,30.0,3848685
2021-01-09,30.0,3848685
2021-01-10,30.0,3848685
2021-01-11,31.2017986,4055946
2021-01-12,31.8125,4108762
2021-01-13,32.02564375,4203240
2021-01-14,31.99900384,4189839
2021-01-15,31.99900384,4189839
2021-01-16,31.99900384,4189839
2021-01-17,31.99900384,4189839
2021-01-18,31.904908,4234797
2021-01-19,31.80769231,4340258
2021-01-20,31.97759214,4629701
2021-01-21,32.21837315,4814902
2021-01-22,32.21837315,4814902
2021-01-23,32.21837315,4814902
2021-01-24,32.21837315,4814902
2021-01-25,32.0,5031995
2021-01-26,31.91666667,5121182
2021-01-27,31.9753145,5217707
2021-01-28,32.01014085,5231575
2021-01-29,32.08988156,5130472
2021-01-30,32.08988156,5130472
2021-01-31,32.08988156,5130472
2021-02-01,32.10195492,5104218
2021-02-02,32.14062318,5153952
2021-02-03,32.29025913,5309784
2021-02-04,32.19238547,5335238
2021-02-05,32.19238547,5335238
2021-02-06,32.19238547,5335238
2021-02-07,32.19238547,5335238
2021-02-08,32.10464427,5364436
2021-02-09,32.31,5402919
2021-02-10,32.3563854,5502307
2021-02-11,32.12599435,5512309
2021-02-12,32.12599435,5512309
2021-02-13,32.12599435,5512309
2021-02-14,32.12599435,5512309
2021-02-15,32.12599435,5512309
2021-02-16,32.12599435,5512309
2021-02-17,32.29,5612804
2021-02-18,32.03925217,5796255
2021-02-19,32.11672827,6174043
2021-02-20,32.11672827,6174043
2021-02-21,32.11672827,6174043
2021-02-22,32.13034146,6398758
2021-02-23,32.1491516,6333344
2021-02-24,32.12608658,6387475
2021-02-25,32.10792473,6399369
2021-02-26,32.09754717,6534671
2021-02-27,32.09754717,6534671
2021-02-28,32.09754717,6534671
2021-03-01,32.07352941,6463078
2021-03-02,32.01642248,6531902
2021-03-03,31.75602445,6653539
2021-03-04,31.33672378,6657335
2021-03-05,30.2797875,6586266
2021-03-06,30.2797875,6586266
2021-03-07,30.2797875,6586266
2021-03-08,30.30142333,6599890
2021-03-09,30.132031,6595117
2021-03-10,29.83124806,6736048
2021-03-11,29.81288965,6861315
2021-03-12,30.47,6871489
2021-03-13,30.47,6871489
2021-03-14,30.47,6871489
2021-03-15,29.84671043,6973737
2021-03-16,29.56076533,6898854
2021-03-17,29.51555535,6903122
2021-03-18,29.33581926,7201494
2021-03-19,29.28709436,7174133
2021-03-20,29.28709436,7174133
2021-03-21,29.28709436,7174133
2021-03-22,29.06646752,7142022
2021-03-23,28.83847319,7067944
2021-03-24,28.64511128,7199257
2021-03-25,28.57783223,7606510
2021-03-26,28.52264389,7555456
2021-03-27,28.52264389,7555456
2021-03-28,28.52264389,7555456
2021-03-29,28.46997429,7596433
2021-03-30,28.11183298,7542366
2021-03-31,28.48507846,7496416
2021-04-01,28.73234408,7377477
2021-04-02,28.73234408,7377477
2021-04-03,28.73234408,7377477
2021-04-04,28.73234408,7377477
2021-04-05,28.97272727,7375612
2021-04-06,29.39853618,7644885
2021-04-07,29.98821545,7643587
2021-04-08,30.48869565,7483076
2021-04-09,30.48869565,7483076
2021-04-10,30.48869565,7483076
2021-04-11,30.48869565,7483076
2021-04-12,30.90131714,7292856
2021-04-13,30.92586207,7204457
2021-04-14,30.96596774,7210100
2021-04-15,30.996,7162089
2021-04-16,30.99982456,7157138
2021-04-17,30.99982456,7157138
2021-04-18,30.99982456,7157138
2021-04-19,30.73088747,7017701
2021-04-20,30.95361417,7085736
2021-04-21,30.95361417,7085736
2021-04-22,31.15982817,7266899
2021-04-23,31.18944635,7390809
2021-04-24,31.18944635,7390809
2021-04-25,31.18944635,7390809
2021-04-26,31.10161181,7530334
2021-04-27,31.01106457,7706678
2021-04-28,30.92433184,7741205
2021-04-29,30.89903004,7713177
2021-04-30,30.79211297,7690124
2021-05-01,30.79211297,7690124
2021-05-02,30.79211297,7690124
2021-05-03,30.70108696,7576235
2021-05-04,31.30511715,7586657
2021-05-05,30.74048846,7689063
2021-05-06,30.7275448,7702769
2021-05-07,30.70519227,7671899
2021-05-08,30.70519227,7671899
2021-05-09,30.70519227,7671899
2021-05-10,30.6875,7602076
2021-05-11,30.67865484,7621559
2021-05-12,30.47243035,7618594
2021-05-13,30.65694437,7498525
2021-05-14,30.67375338,7450124
2021-05-15,30.67375338,7450124
2021-05-16,30.67375338,7450124
2021-05-17,30.6712217,7333521
2021-05-18,30.61215281,7227764
2021-05-19,30.63881316,7511092
2021-05-20,30.58406594,7489951
2021-05-21,30.54883854,7431815
2021-05-22,30.54883854,7431815
2021-05-23,30.54883854,7431815
2021-05-24,30.49715071,7769346
2021-05-25,30.50039669,7919778
2021-05-26,30.44973752,7950305
2021-05-27,30.42709834,7892653
2021-05-28,30.42709834,7892653
2021-05-29,30.42709834,7892653
2021-05-30,30.42709834,7892653
2021-05-31,30.03111111,7813310
2021-06-01,29.62356291,7829626
2021-06-02,29.65732087,7789964
2021-06-03,29.65732087,7789964
2021-06-04,29.59110814,7866606
2021-06-05,29.59110814,7866606
2021-06-06,29.59110814,7866606
2021-06-07,29.5509681,7995563
2021-06-08,29.57482589,8058811
2021-06-09,29.18695644,7982075
2021-06-10,28.5695432,7872170
2021-06-11,28.51520833,7766507
2021-06-12,28.51520833,7766507
2021-06-13,28.51520833,7766507
2021-06-14,28.71929632,7803612
2021-06-15,28.42264954,7791282
2021-06-16,28.43770987,7887234
2021-06-17,28.38069731,7754468
2021-06-18,28.35563029,7819444
2021-06-19,28.35563029,7819444
2021-06-20,28.35563029,7819444
2021-06-21,28.4644786,7902769
2021-06-22,28.212,7853078
2021-06-23,28.17478217,8016510
2021-06-24,27.83438964,7930362
2021-06-25,27.97166667,7874611
2021-06-26,27.97166667,7874611
2021-06-27,27.97166667,7874611
2021-06-28,27.96161062,7963909
2021-06-29,27.93380808,8398893
2021-06-30,27.80409925,8471154
2021-07-01,27.77003585,8494055
2021-07-02,27.77003585,8494055
2021-07-03,27.77003585,8494055
2021-07-04,27.77003585,8494055
2021-07-05,27.72578055,8466993
2021-07-06,27.68497935,8552077
2021-07-07,27.63100587,8615842
2021-07-08,27.64318182,8592975
2021-07-09,27.44572727,8598837
2021-07-10,27.44572727,8598837
2021-07-11,27.44572727,8598837
2021-07-12,27.68676905,8653843
2021-07-13,27.60770999,8688128
2021-07-14,27.64588043,8674555
2021-07-15,27.59970428,8685890
2021-07-16,27.63165195,8623684
2021-07-17,27.63165195,8623684
2021-07-18,27.63165195,8623684
2021-07-19,27.58154848,8597325
2021-07-20,27.56665349,9195486
2021-07-21,27.56218435,9355118
2021-07-22,27.54569974,9338417
2021-07-23,27.5044036,9399615
2021-07-24,27.5044036,9399615
2021-07-25,27.5044036,9399615
2021-07-26,27.5354815,9464788
2021-07-27,27.52583521,9465028
2021-07-28,27.49229949,9517431
2021-07-29,27.51124708,9492262
2021-07-30,27.4787592,9459226
2021-07-31,27.4787592,9459226
2021-08-01,27.4787592,9459226
2021-08-02,27.58983769,9523302
2021-08-03,27.49247341,9584889
2021-08-04,27.53273163,9679923
2021-08-05,27.55855252,9725011
2021-08-06,27.51047863,9698444
2021-08-07,27.51047863,9698444
2021-08-08,27.51047863,9698444
2021-08-09,27.55546099,9641514
2021-08-10,27.49761003,9642164
2021-08-11,27.53087901,9808041
2021-08-12,27.52780876,9793611
2021-08-13,27.50382463,9730452
2021-08-14,27.50382463,9730452
2021-08-15,27.50382463,9730452
2021-08-16,27.57731038,9786826
2021-08-17,27.5348644,9760781
2021-08-18,27.54865369,10192437
2021-08-19,27.5350521,10387233
2021-08-20,27.56693211,10594086
2021-08-21,27.56693211,10594086
2021-08-22,27.56693211,10594086
2021-08-23,27.60788233,10604896
2021-08-24,27.63030436,10706732
2021-08-25,27.74955483,10829925
2021-08-26,27.82039876,10730298
2021-08-27,28.22428572,10733931
2021-08-28,28.22428572,10733931
2021-08-29,28.22428572,10733931
2021-08-30,29.91359449,10739075
2021-08-31,30.60554961,10326370
2021-09-01,31.25698993,10321949
2021-09-02,32.57266769,10336217
2021-09-03,36.46583456,10455434
2021-09-04,36.46583456,10455434
2021-09-05,36.46583456,10455434
2021-09-06,39.96520052,9607103
2021-09-07,39.96520052,9607103
2021-09-08,39.66781461,9714612
2021-09-09,39.66781461,9714612
2021-09-10,39.66781461,9714612
2021-09-11,39.66781461,9714612
2021-09-12,39.66781461,9714612
2021-09-13,45.93999565,8645663
2021-09-14,45.72943383,8614237
2021-09-15,43.72330386,8501539
2021-09-16,43.48376222,8271952
2021-09-17,43.52648773,7169734
2021-09-18,43.52648773,7169734
2021-09-19,43.52648773,7169734
2021-09-20,44.84697615,7260614
2021-09-21,47.30465478,6051095
2021-09-22,48.82742493,6206764
2021-09-23,48.30236779,6112266
2021-09-24,47.96277464,6102327
2021-09-25,47.96277464,6102327
2021-09-26,47.96277464,6102327
2021-09-27,47.66471142,6108774
2021-09-28,46.68414212,6082623
2021-09-29,45.91465201,6135316
2021-09-30,45.02895867,5990902
2021-10-01,44.70731683,5879398
2021-10-02,44.70731683,5879398
2021-10-03,44.70731683,5879398
2021-10-04,44.21856871,5790037
2021-10-05,44.05248967,5808365
2021-10-06,44.17054205,5798614
2021-10-07,44.01009784,5798374
2021-10-08,44.05620906,5783903
2021-10-09,44.05620906,5783903
2021-10-10,44.05620906,5783903
2021-10-11,43.96989839,5885905
2021-10-12,43.96989839,5885905
2021-10-13,43.83380442,5956202
2021-10-14,43.84178954,5989076
2021-10-15,43.91545731,5953695
2021-10-16,43.91545731,5953695
2021-10-17,43.91545731,5953695
2021-10-18,43.83683557,5998360
2021-10-19,43.81720979,6045103
2021-10-20,43.75641166,6354847
2021-10-21,43.53441919,6341897
2021-10-22,43.09700415,6655050
2021-10-23,43.09700415,6655050
2021-10-24,43.09700415,6655050
2021-10-25,42.89784549,6664353
2021-10-26,42.8407731,6624293
2021-10-27,42.56180749,6657144
2021-10-28,42.50665725,6606077
2021-10-29,42.64483927,6605051
2021-10-30,42.64483927,6605051
2021-10-31,42.64483927,6605051
2021-11-01,43.14528007,6470123
2021-11-02,43.14528007,6470123
2021-11-03,43.56869524,6428501
2021-11-04,44.21008227,6558694
2021-11-05,45.03756803,6088425
2021-11-06,45.03756803,6088425
2021-11-07,45.03756803,6088425
2021-11-08,45.50863712,5940497
2021-11-09,47.64395693,5978161
2021-11-10,47.91110419,5727458
2021-11-11,47.96805494,5643821
2021-11-12,47.47911946,5631773
2021-11-13,47.47911946,5631773
2021-11-14,47.47911946,5631773
2021-11-15,47.47911946,5631773
2021-11-16,47.11553414,5556652
2021-11-17,47.46174713,5582979
2021-11-18,47.59083306,5671253
2021-11-19,47.61417809,5667462
2021-11-20,47.61417809,5667462
2021-11-21,47.61417809,5667462
2021-11-22,47.85541784,5711986
2021-11-23,47.80804057,6019490
2021-11-24,47.78611695,5975902
2021-11-25,48.06990682,6003683
2021-11-26,48.71020922,5951020
2021-11-27,48.71020922,5951020
2021-11-28,48.71020922,5951020
2021-11-29,48.95022728,5865371
2021-11-30,49.12577772,5830877
2021-12-01,49.18103691,5876489
2021-12-02,49.26409143,5774172
2021-12-03,49.24453085,5702511
2021-12-04,49.24453085,5702511
2021-12-05,49.24453085,5702511
2021-12-06,49.71816618,5711923
2021-12-07,50.71661231,5720196
2021-12-08,53.8618089,5682437
2021-12-09,54.8570312,5343591
2021-12-10,59.52667284,5241875
2021-12-11,59.52667284,5241875
2021-12-12,59.52667284,5241875
2021-12-13,62.04236229,5092204
2021-12-14,62.45535856,5083793
2021-12-15,59.89827152,5035344
2021-12-16,59.63778104,4998102
2021-12-17,60.34462152,5042242
2021-12-18,60.34462152,5042242
2021-12-19,60.34462152,5042242
2021-12-20,59.36257832,5313145
2021-12-21,60.24226883,5562590
2021-12-22,59.11369643,5532116
2021-12-23,59.62194146,5376964
2021-12-24,59.97696827,5118220
2021-12-25,59.97696827,5118220
2021-12-26,59.97696827,5118220
2021-12-27,60.29705016,5123679
2021-12-28,60.32749283,5115606
2021-12-29,59.51351672,5031022
2021-12-30,58.6712924,5022853
2021-12-31,58.6712924,5022853
2022-01-01,58.6712924,5022853
2022-01-02,58.6712924,5022853
2022-01-03,58.6712924,5022853
2022-01-04,58.6712924,5022853
2022-01-05,45.45867444,5141363
2022-01-06,52.57765878,5247558
2022-01-07,53.33302413,5248977
2022-01-08,53.33302413,5248977
2022-01-09,53.33302413,5248977
2022-01-10,53.38237614,5297071
2022-01-11,54.86877402,5491376
2022-01-12,55.64151205,5541855
2022-01-13,55.65982127,5534238
2022-01-14,55.69435254,5509581
2022-01-15,55.69435254,5509581
2022-01-16,55.69435254,5509581
2022-01-17,56.29864198,5540794
2022-01-18,57.09783767,5509543
2022-01-19,60.26977971,6008534
2022-01-20,62.11679732,6015704
2022-01-21,66.00115944,5942723
2022-01-22,66.00115944,5942723
2022-01-23,66.00115944,5942723
2022-01-24,69.006079,5734846
2022-01-25,69.94877223,5659099
2022-01-26,69.95028279,5719442
2022-01-27,69.74444011,5721479
2022-01-28,70.45017675,5685656
2022-01-29,70.45017675,5685656
2022-01-30,70.45017675,5685656
2022-01-31,70.49318785,5465440
2022-02-01,71.39186454,5459383
2022-02-02,72.93960222,5459577
2022-02-03,74.29223552,5446257
2022-02-04,77.3731976,5348718
2022-02-05,77.3731976,5348718
2022-02-06,77.3731976,5348718
2022-02-07,78.79885119,5190785
2022-02-08,80.23665531,5111262
2022-02-09,80.36504602,4982760
2022-02-10,82.58781213,5079046
2022-02-11,85.12099138,5005084
2022-02-12,85.12099138,5005084
2022-02-13,85.12099138,5005084
2022-02-14,89.3525358,4823052
2022-02-15,89.80048764,4681425
2022-02-16,91.96681196,4679978
2022-02-17,92.88040173,4641407
2022-02-18,95.30281992,4717043
2022-02-19,95.30281992,4717043
2022-02-20,95.30281992,4717043
2022-02-21,93.80560699,4718499
2022-02-22,94.10894951,4747117
2022-02-23,95.64409422,5289863
2022-02-24,97.15498075,5317994
2022-02-25,98.89259227,5154292
2022-02-26,98.89259227,5154292
2022-02-27,98.89259227,5154292
2022-02-28,98.89259227,5154292
2022-03-01,98.89259227,5154292
2022-03-02,100.3383765,4877761
2022-03-03,101.3447472,4896126
2022-03-04,100.277397,4866800
2022-03-05,100.277397,4866800
2022-03-06,100.277397,4866800
2022-03-07,100.1593919,4894597
2022-03-08,98.667489,5011372
2022-03-09,98.09263798,5110999
2022-03-10,98.77238141,5143130
2022-03-11,98.0875364,5114458
2022-03-12,98.0875364,5114458
2022-03-13,98.0875364,5114458
2022-03-14,98.07383775,5112732
2022-03-15,98.02234731,5045345
2022-03-16,98.26145953,5018288
2022-03-17,98.58524288,4810630
2022-03-18,98.58524288,4810630
2022-03-19,98.58524288,4810630
2022-03-20,98.58524288,4810630
2022-03-21,99.85220357,4545973
2022-03-22,99.03163112,4503758
2022-03-23,98.52834083,4370549
2022-03-24,98.27812254,4400703
2022-03-25,97.89723239,4365620
2022-03-26,97.89723239,4365620
2022-03-27,97.89723239,4365620
2022-03-28,96.38274171,4353122
2022-03-29,95.35575099,4675411
2022-03-30,92.6257194,4799130
2022-03-31,92.55545497,4682646
2022-04-01,94.2605048,4453464
2022-04-02,94.2605048,4453464
2022-04-03,94.2605048,4453464
2022-04-04,93.53259617,4396052
2022-04-05,93.28140139,4438029
2022-04-06,94.25523099,4494650
2022-04-07,94.94151054,4473505
2022-04-08,99.23024554,4448915
2022-04-09,99.23024554,4448915
2022-04-10,99.23024554,4448915
2022-04-11,96.235474,3429874
2022-04-12,97.57670995,3614416
2022-04-13,98.36198195,3629240
2022-04-14,100.1901876,3571414
2022-04-15,100.1901876,3571414
2022-04-16,100.1901876,3571414
2022-04-17,100.1901876,3571414
2022-04-18,99.5893337,3275629
2022-04-19,99.59491345,3315207
2022-04-20,99.52386747,3548748
2022-04-21,99.52386747,3548748
2022-04-22,99.45078673,3657531
2022-04-23,99.45078673,3657531
2022-04-24,99.45078673,3657531
2022-04-25,99.64241616,3698954
2022-04-26,99.56448075,4184356
2022-04-27,99.49945614,4150711
2022-04-28,99.52984154,4189462
2022-04-29,99.38293768,4076979
2022-04-30,99.38293768,4076979
2022-05-01,99.38293768,4076979
2022-05-02,99.66494192,4028822
2022-05-03,100.4900388,3972483
2022-05-04,99.85530714,3563455
2022-05-05,100.136688,3690671
2022-05-06,100.6657711,3656717
2022-05-07,100.6657711,3656717
2022-05-08,100.6657711,3656717
2022-05-09,101.0164646,3556127
2022-05-10,101.3442051,3642483
2022-05-11,101.931337,3662811
2022-05-12,102.0144097,3629658
2022-05-13,102.3110127,3609546
2022-05-14,102.3110127,3609546
2022-05-15,102.3110127,3609546
2022-05-16,102.9080845,3626785
2022-05-17,104.6970351,3621047
2022-05-18,108.3770775,3524736
2022-05-19,108.4165356,3592037
2022-05-20,108.3870096,3541893
2022-05-21,108.3870096,3541893
2022-05-22,108.3870096,3541893
2022-05-23,109.8363827,3689944
2022-05-24,114.1588132,3491816
2022-05-25,118.4055693,3650816
2022-05-26,119.265556,3625018
2022-05-27,117.784603,3467816
2022-05-28,117.784603,3467816
2022-05-29,117.784603,3467816
2022-05-30,118.3951311,3439876
2022-05-31,119.0609351,3511752
2022-06-01,119.4766476,3527556
2022-06-02,119.5525901,3494495
2022-06-03,119.5589322,3500524
2022-06-04,119.5589322,3500524
2022-06-05,119.5589322,3500524
2022-06-06,119.8039466,3516728
2022-06-07,120.0268679,3554080
2022-06-08,120.279971,3630422
2022-06-09,125.9267031,3537524
2022-06-10,128.9110859,3227686
2022-06-11,128.9110859,3227686
2022-06-12,128.9110859,3227686
2022-06-13,131.1086867,3201758
2022-06-14,133.2193153,3134667
2022-06-15,142.0688523,3234028
2022-06-16,142.0688523,3234028
2022-06-17,156.3177389,3036333
2022-06-18,156.3177389,3036333
2022-06-19,156.3177389,3036333
2022-06-20,169.4883519,2788781
2022-06-21,170.7264974,2839204
2022-06-22,171.4247184,2935290
2022-06-23,174.0466305,2877099
2022-06-24,177.3159461,2790088
2022-06-25,177.3159461,2790088
2022-06-26,177.3159461,2790088
2022-06-27,180.203745,2454573
2022-06-28,186.7029441,2107268
2022-06-29,196.9111722,2042641
2022-06-30,202.6518418,1869612
2022-07-01,196.3293242,1855427
2022-07-02,196.3293242,1855427
2022-07-03,196.3293242,1855427
2022-07-04,196.4655873,1862723
2022-07-05,196.6571253,1871214
2022-07-06,197.2604316,1911621
2022-07-07,196.3091962,1985117
2022-07-08,195.1702641,1958876
2022-07-09,195.1702641,1958876
2022-07-10,195.1702641,1958876
2022-07-11,194.1914066,1880869
2022-07-12,194.2142327,1871684
2022-07-13,193.5137567,1841610
2022-07-14,188.8620374,1862754
2022-07-15,175.2551717,1836417
2022-07-16,175.2551717,1836417
2022-07-17,175.2551717,1836417
2022-07-18,153.9493017,1862871
2022-07-19,126.0987813,1905677
2022-07-20,108.083701,2057409
2022-07-21,96.50624678,2119932
2022-07-22,101.3158681,2092452
2022-07-23,101.3158681,2092452
2022-07-24,101.3158681,2092452
2022-07-25,101.3158681,2092452
2022-07-26,101.339232,2499529
2022-07-27,99.34799527,2634023
2022-07-28,99.48040519,2671354
2022-07-29,93.56687775,2732862
2022-07-30,93.56687775,2732862
2022-07-31,93.56687775,2732862
2022-08-01,93.89124048,2757547
2022-08-02,95.57810712,2833400
2022-08-03,90.40832091,2900256
2022-08-04,90.45140854,2917427
2022-08-05,90.15264869,2909524
2022-08-06,90.15264869,2909524
2022-08-07,90.15264869,2909524
2022-08-08,89.56418182,2914750
2022-08-09,90.10048037,3004594
2022-08-10,90.01808594,3072492
2022-08-11,90.28960951,3093423
2022-08-12,90.84414766,3111210
2022-08-13,90.84414766,3111210
2022-08-14,90.84414766,3111210
2022-08-15,91.45165621,3133272
2022-08-16,91.42322963,3184704
2022-08-17,90.99253177,3279056
2022-08-18,90.81263264,3382336
2022-08-19,90.63700571,3468666
2022-08-20,90.63700571,3468666
2022-08-21,90.63700571,3468666
2022-08-22,90.07492535,3536084
2022-08-23,90.3139027,3662822
2022-08-24,90.09293135,3714148
2022-08-25,89.90207962,4088975
2022-08-26,89.69738023,4186531
2022-08-27,89.69738023,4186531
2022-08-28,89.69738023,4186531
2022-08-29,88.81822117,4224070
2022-08-30,88.22142904,4269562
2022-08-31,87.75500508,4392654
2022-09-01,86.84541554,4404423
2022-09-02,86.56576978,4455606
2022-09-03,86.56576978,4455606
2022-09-04,86.56576978,4455606
2022-09-05,85.87773958,4484360
2022-09-06,82.33433792,4546195
2022-09-07,82.33433792,4546195
2022-09-08,68.186927,4546515
2022-09-09,61.20776154,4590661
2022-09-10,61.20776154,4590661
2022-09-11,61.20776154,4590661
2022-09-12,65.48410082,4570891
2022-09-13,69.29057188,4636078
2022-09-14,69.29057188,4636078
2022-09-15,69.29057188,4636078
2022-09-16,69.29057188,4636078
2022-09-17,69.29057188,4636078
2022-09-18,69.29057188,4636078
2022-09-19,69.29057188,4636078
2022-09-20,69.29057188,4636078
2022-09-21,69.29057188,4636078
2022-09-22,69.29057188,4636078
2022-09-23,69.29057188,4636078
2022-09-24,69.29057188,4636078
2022-09-25,69.29057188,4636078
2022-09-26,87.10418769,5475519
2022-09-27,86.9072979,5466108
2022-09-28,87.23688036,5555916
2022-09-29,87.1519986,5564194
2022-09-30,88.01025081,5565715
2022-10-01,88.01025081,5565715
2022-10-02,88.01025081,5565715
2022-10-03,88.39513245,5543491
2022-10-04,88.45156125,5578190
2022-10-05,88.87431876,5668010
2022-10-06,88.98675468,5594366
2022-10-07,89.04527251,5610703
2022-10-08,89.04527251,5610703
2022-10-09,89.04527251,5610703
2022-10-10,89.36000634,5513525
2022-10-11,89.35541885,5512457
2022-10-12,89.35541885,5512457
2022-10-13,89.02595051,5604557
2022-10-14,89.19537801,5581294
2022-10-15,89.19537801,5581294
2022-10-16,89.19537801,5581294
2022-10-17,89.2449374,5553458
2022-10-18,89.07390891,5586426
2022-10-19,88.75315427,5720253
2022-10-20,88.86409708,5749527
2022-10-21,88.90139098,5872661
2022-10-22,88.90139098,5872661
2022-10-23,88.90139098,5872661
2022-10-24,89.2479764,6012796
2022-10-25,89.89840814,6033966
2022-10-26,90.78162778,5846984
2022-10-27,91.91684399,5743222
2022-10-28,93.68933128,5963413
2022-10-29,93.68933128,5963413
2022-10-30,93.68933128,5963413
2022-10-31,97.78405537,5743824
2022-11-01,100.6920451,5678129
2022-11-02,100.6920451,5678129
2022-11-03,101.1827399,5550190
2022-11-04,101.1827399,5550190
2022-11-05,101.1827399,5550190
2022-11-06,101.1827399,5550190
2022-11-07,102.2134285,5465414
2022-11-08,101.9150684,5506989
2022-11-09,101.7929959,5599187
2022-11-10,101.9067619,5539142
2022-11-11,102.104333,5517367
2022-11-12,102.104333,5517367
2022-11-13,102.104333,5517367
2022-11-14,102.0433645,5520015
2022-11-15,102.0433645,5520015
2022-11-16,101.4968045,5574376
2022-11-17,102.1593837,5649053
2022-11-18,101.7172785,5754516
2022-11-19,101.7172785,5754516
2022-11-20,101.7172785,5754516
2022-11-21,101.0820462,5906465
2022-11-22,100.2776114,6246335
2022-11-23,99.48982903,6612248
2022-11-24,99.70550136,6651050
2022-11-25,99.33968084,6705184
2022-11-26,99.33968084,6705184
2022-11-27,99.33968084,6705184
2022-11-28,98.49277532,6792786
2022-11-29,97.09072979,6842515
2022-11-30,93.97660307,6886782
2022-12-01,89.7385742,6902139
2022-12-02,85.72376423,6905530
2022-12-03,85.72376423,6905530
2022-12-04,85.72376423,6905530
2022-12-05,85.64113608,6928319
2022-12-06,85.60895109,6962261
2022-12-07,84.46816966,6909692
2022-12-08,84.50758116,6945130
2022-12-09,84.76028717,6929525
2022-12-10,84.76028717,6929525
2022-12-11,84.76028717,6929525
2022-12-12,85.13844579,6928975
2022-12-13,85.99644756,6936723
2022-12-14,86.78560333,6924555
2022-12-15,87.09829193,6990080
2022-12-16,87.97196926,6994291
2022-12-17,87.97196926,6994291
2022-12-18,87.97196926,6994291
2022-12-19,88.19061855,7025695
2022-12-20,88.65175342,7170920
2022-12-21,88.83382992,7732854
2022-12-22,87.84934795,7780095
2022-12-23,87.48019251,7811236
2022-12-24,87.48019251,7811236
2022-12-25,87.48019251,7811236
2022-12-26,87.37652492,7858242
2022-12-27,86.20718405,7895959
2022-12-28,86.52838847,8109312
2022-12-29,85.56114663,8104030
2022-12-30,87.0,7975700
2022-12-31,87.0,7975700
2023-01-01,87.0,7975700
2023-01-02,87.0,7975700
2023-01-03,85.01610879,8189193
2023-01-04,86.60815963,8245867
2023-01-05,86.2118046,8250178
2023-01-06,86.39777227,8157359
2023-01-07,86.39777227,8157359
2023-01-08,86.39777227,8157359
2023-01-09,86.1126887,8229512
2023-01-10,86.56587993,8207401
2023-01-11,86.55075285,8257500
2023-01-12,86.59818692,8192928
2023-01-13,87.06426852,8352886
2023-01-14,87.06426852,8352886
2023-01-15,87.06426852,8352886
2023-01-16,87.14749719,8215362
2023-01-17,87.10257593,8257882
2023-01-18,87.11070349,8314933
2023-01-19,87.09840618,8181365
2023-01-20,87.23607785,8175723
2023-01-21,87.23607785,8175723
2023-01-22,87.23607785,8175723
2023-01-23,87.23264294,8117766
2023-01-24,87.13436802,8161520
2023-01-25,87.12305175,8657251
2023-01-26,88.08238902,8745268
2023-01-27,88.08238902,8745268
2023-01-28,88.08238902,8745268
2023-01-29,88.08238902,8745268
2023-01-30,91.10843071,8466967
2023-01-31,93.02806501,8440834
2023-02-01,94.93727352,8275354
2023-02-02,94.91646317,8152041
2023-02-03,95.54283224,8156455
2023-02-04,95.54283224,8156455
2023-02-05,95.54283224,8156455
2023-02-06,95.30600859,8058523
2023-02-07,96.46413882,8127794
2023-02-08,97.16370197,7989667
2023-02-09,97.5247977,7913439
2023-02-10,98.09693014,7889026
2023-02-11,98.09693014,7889026
2023-02-12,98.09693014,7889026
2023-02-13,99.54609448,7834820
2023-02-14,100.1512282,7644187
2023-02-15,100.1723516,7341850
2023-02-16,100.5907669,7273312
2023-02-17,100.2593143,7244252
2023-02-18,100.2593143,7244252
2023-02-19,100.2593143,7244252
2023-02-20,100.2593143,7244252
2023-02-21,100.2593143,7244252
2023-02-22,100.148506,7286047
2023-02-23,100.8577415,8025879
2023-02-24,100.64299,7976804
2023-02-25,100.64299,7976804
2023-02-26,100.64299,7976804
2023-02-27,100.0772703,7907915
2023-02-28,99.79112265,7979046
2023-03-01,99.62165257,8065487
2023-03-02,99.25745106,8023629
2023-03-03,98.67363217,7972351
2023-03-04,98.67363217,7972351
2023-03-05,98.67363217,7972351
2023-03-06,98.48171151,7951239
2023-03-07,98.40036105,7948088
2023-03-08,98.53766411,7934405
2023-03-09,98.29923856,7878326
2023-03-10,98.21136113,7825621
2023-03-11,98.21136113,7825621
2023-03-12,98.21136113,7825621
2023-03-13,98.30455424,7656421
2023-03-14,98.20401022,7659906
2023-03-15,98.23701178,7647140
2023-03-16,98.20142371,7608553
2023-03-17,98.07551448,7498766
2023-03-18,98.07551448,7498766
2023-03-19,98.07551448,7498766
2023-03-20,98.03568199,7414541
2023-03-21,97.82429704,7430393
2023-03-22,97.49319989,7537111
2023-03-23,97.0728177,7546809
2023-03-24,95.82111186,7623152
2023-03-25,95.82111186,7623152
2023-03-26,95.82111186,7623152
2023-03-27,95.37860417,7746140
2023-03-28,97.22005572,7726987
2023-03-29,97.03993703,7711706
2023-03-30,96.20153875,7736612
2023-03-31,95.70689682,8150933
2023-04-01,95.70689682,8150933
2023-04-02,95.70689682,8150933
2023-04-03,96.1258436,7779786
2023-04-04,96.15798033,7860791
2023-04-05,95.43090898,7966153
2023-04-06,94.57126384,7866563
2023-04-07,94.57126384,7866563
2023-04-08,94.57126384,7866563
2023-04-09,94.57126384,7866563
2023-04-10,94.81898094,7876598
2023-04-11,94.87452631,7869092
2023-04-12,94.86926081,7850871
2023-04-13,94.88301557,7897964
2023-04-14,94.73463466,7872616
2023-04-15,94.73463466,7872616
2023-04-16,94.73463466,7872616
2023-04-17,94.39193458,7783815
2023-04-18,94.24116701,7829607
2023-04-19,94.64619217,8007719
2023-04-20,94.66617417,7973454
2023-04-21,94.66617417,7973454
2023-04-22,94.66617417,7973454
2023-04-23,94.66617417,7973454
2023-04-24,94.95992126,7894011
2023-04-25,95.08025304,7964472
2023-04-26,95.16925743,7919557
2023-04-27,95.78610876,7965728
2023-04-28,96.91216019,7951180
2023-04-29,96.91216019,7951180
2023-04-30,96.91216019,7951180
2023-05-01,96.91216019,7951180
2023-05-02,97.40675749,8003590
2023-05-03,97.46581325,8122791
2023-05-04,99.40116613,8217066
2023-05-05,100.1966307,7887863
2023-05-06,100.1966307,7887863
2023-05-07,100.1966307,7887863
2023-05-08,100.1200059,7766466
2023-05-09,100.0472029,7524479
2023-05-10,99.99667412,7633405
2023-05-11,99.98775887,7476084
2023-05-12,99.92767982,7203392
2023-05-13,99.92767982,7203392
2023-05-14,99.92767982,7203392
2023-05-15,100.2322757,7176170
2023-05-16,100.541878,7172864
2023-05-17,101.9832678,7051917
2023-05-18,102.641926,7016257
2023-05-19,105.38836,7191246
2023-05-20,105.38836,7191246
2023-05-21,105.38836,7191246
2023-05-22,110.2063126,7350857
2023-05-23,117.6799652,7370478
2023-05-24,128.7225886,7315158
2023-05-25,135.2642452,7036399
2023-05-26,135.4478817,6798932
2023-05-27,135.4478817,6798932
2023-05-28,135.4478817,6798932
2023-05-29,133.3593131,6706258
2023-05-30,132.7693171,6715368
2023-05-31,130.1327361,6763034
2023-06-01,128.422276,6667232
2023-06-02,125.522847,6728675
2023-06-03,125.522847,6728675
2023-06-04,125.522847,6728675
2023-06-05,126.317406,6689458
2023-06-06,128.050767,6678509
2023-06-07,130.071422,6637084
2023-06-08,130.071422,6637084
2023-06-09,130.804726,6595731
2023-06-10,130.804726,6595731
2023-06-11,130.804726,6595731
2023-06-12,131.472742,6680874
2023-06-13,131.804091,6688985
2023-06-14,132.147863,6686004
2023-06-15,132.893728,6609711
2023-06-16,134.506061,6565801
2023-06-17,134.506061,6565801
2023-06-18,134.506061,6565801
2023-06-19,136.559388,6617909
2023-06-20,139.059433,6448908
2023-06-21,143.81404,6170467
2023-06-22,144.297113,6366327
2023-06-23,140.144267,6595537
2023-06-24,140.144267,6595537
2023-06-25,140.144267,6595537
2023-06-26,138.736591,6754844
2023-06-27,138.295193,6752933
2023-06-28,137.360385,6646862
2023-06-29,137.175779,6484396
2023-06-30,141.287007,6394100
2023-07-01,141.287007,6394100
2023-07-02,141.287007,6394100
2023-07-03,147.983037,6201351
2023-07-04,147.705903,6294945
2023-07-05,147.07448,6290387
2023-07-06,145.765279,6286372
2023-07-07,145.258014,6238684
2023-07-08,145.258014,6238684
2023-07-09,145.258014,6238684
2023-07-10,142.487947,6285115
2023-07-11,140.214545,6375085
2023-07-12,139.063906,6400083
2023-07-13,138.605583,6420920
2023-07-14,138.415164,6468128
2023-07-15,138.415164,6468128
2023-07-16,138.415164,6468128
2023-07-17,136.665336,6499765
2023-07-18,134.1189,6616951
2023-07-19,129.456685,6687524
2023-07-20,114.399258,6672467
2023-07-21,106.026035,6829890
2023-07-22,106.026035,6829890
2023-07-23,106.026035,6829890
2023-07-24,111.316992,7215246
2023-07-25,122.637251,7302967
2023-07-26,129.683718,7221776
2023-07-27,136.780213,7136249
2023-07-28,138.909675,6947561
2023-07-29,138.909675,6947561
2023-07-30,138.909675,6947561
2023-07-31,134.162355,7017661
2023-08-01,132.152395,7043623
2023-08-02,132.475917,7081515
2023-08-03,134.809437,7033431
2023-08-04,134.660184,6997276
2023-08-05,134.660184,6997276
2023-08-06,134.660184,6997276
2023-08-07,133.012787,7026706
2023-08-08,134.988243,7060981
2023-08-09,136.341618,7016837
2023-08-10,137.097746,7055637
2023-08-11,137.764616,7065292
2023-08-12,137.764616,7065292
2023-08-13,137.764616,7065292
2023-08-14,138.411672,7091306
2023-08-15,138.280402,7176205
2023-08-16,137.226741,7198424
2023-08-17,135.536032,7234143
2023-08-18,134.058491,7314998
2023-08-19,134.058491,7314998
2023-08-20,134.058491,7314998
2023-08-21,133.48501,7363832
2023-08-22,131.504924,7437168
2023-08-23,129.334914,7512769
2023-08-24,125.106778,7579465
2023-08-25,120.810145,8064063
2023-08-26,120.810145,8064063
2023-08-27,120.810145,8064063
2023-08-28,118.984476,8164615
2023-08-29,119.458412,8187996
2023-08-30,121.283889,8162324
2023-08-31,122.784179,8163769
2023-09-01,122.999632,8131190
2023-09-02,122.999632,8131190
2023-09-03,122.999632,8131190
2023-09-04,123.235849,8162354
2023-09-05,124.432857,8287731
2023-09-06,124.98883,8244687
2023-09-07,124.98883,8244687
2023-09-08,124.591119,8275236
2023-09-09,124.591119,8275236
2023-09-10,124.591119,8275236
2023-09-11,124.485058,8331747
2023-09-12,125.065131,8333914
2023-09-13,125.964013,8320811
2023-09-14,126.160383,8273841
2023-09-15,126.877559,8271471
2023-09-16,126.877559,8271471
2023-09-17,126.877559,8271471
2023-09-18,126.395142,8251008
2023-09-19,125.183103,8312679
2023-09-20,123.9508,8358682
2023-09-21,121.656379,8488636
2023-09-22,119.26252,8587569
2023-09-23,119.26252,8587569
2023-09-24,119.26252,8587569
2023-09-25,119.103202,8614510
2023-09-26,120.231209,8676036
2023-09-27,120.458579,9016877
2023-09-28,120.667821,8925280
2023-09-29,119.591529,8907467
2023-09-30,119.591529,8907467
2023-10-01,119.591529,8907467
2023-10-02,118.552302,8846560
2023-10-03,118.878898,8884904
2023-10-04,117.326291,8933599
2023-10-05,114.45367,8977907
2023-10-06,113.757519,9039984
2023-10-07,113.757519,9039984
2023-10-08,113.757519,9039984
2023-10-09,111.130817,9149266
2023-10-10,107.076177,9234604
2023-10-11,100.962435,9125791
2023-10-12,100.962435,9125791
2023-10-13,101.076789,9054729
2023-10-14,101.076789,9054729
2023-10-15,101.076789,9054729
2023-10-16,103.687596,8998791
2023-10-17,111.961012,8964321
2023-10-18,112.809442,9114470
2023-10-19,112.071704,8987156
2023-10-20,110.350204,9091928
2023-10-21,110.350204,9091928
2023-10-22,110.350204,9091928
2023-10-23,109.483365,9475910
2023-10-24,112.132565,9600021
2023-10-25,112.374592,9615122
2023-10-26,111.891136,9471231
2023-10-27,112.411946,9352374
2023-10-28,112.411946,9352374
2023-10-29,112.411946,9352374
2023-10-30,112.911533,9262232
2023-10-31,113.742444,9255025
2023-11-01,114.708771,9154034
2023-11-02,114.708771,9154034
2023-11-03,116.463121,9154486
2023-11-04,116.463121,9154486
2023-11-05,116.463121,9154486
2023-11-06,118.216857,9161944
2023-11-07,118.915047,9148067
2023-11-08,119.807045,8945380
2023-11-09,118.029134,8946949
2023-11-10,118.13369,8894404
2023-11-11,118.13369,8894404
2023-11-12,118.13369,8894404
2023-11-13,119.767726,8779037
2023-11-14,121.216896,8758861
2023-11-15,121.216896,8758861
2023-11-16,121.907275,8949179
2023-11-17,123.372335,9029514
2023-11-18,123.372335,9029514
2023-11-19,123.372335,9029514
2023-11-20,123.970857,9096083
2023-11-21,123.804856,10208162
2023-11-22,124.644605,9938250
2023-11-23,124.987532,9858524
2023-11-24,123.863452,9810411
2023-11-25,123.863452,9810411
2023-11-26,123.863452,9810411
2023-11-27,123.139451,9874601
2023-11-28,122.668111,9872537
2023-11-29,123.02573,9828488
2023-11-30,123.984956,9723275
2023-12-01,122.640336,9867862
2023-12-02,122.640336,9867862
2023-12-03,122.640336,9867862
2023-12-04,121.946183,9789684
2023-12-05,119.766473,9854099
2023-12-06,117.934126,9853982
2023-12-07,108.932353,9830593
2023-12-08,111.362576,9802044
2023-12-09,111.362576,9802044
2023-12-10,111.362576,9802044
2023-12-11,113.986141,9824498
2023-12-12,113.040816,9871429
2023-12-13,110.077261,9929242
2023-12-14,110.004733,9862451
2023-12-15,110.227559,8857670
2023-12-16,110.227559,8857670
2023-12-17,110.227559,8857670
2023-12-18,110.033198,9306164
2023-12-19,109.884346,9339424
2023-12-20,108.063713,9314186
2023-12-21,103.069134,9038627
2023-12-22,102.754379,9044025
2023-12-23,102.754379,9044025
2023-12-24,102.754379,9044025
2023-12-25,102.754379,9044025
2023-12-26,104.197338,8940150
2023-12-27,104.001955,9038343
2023-12-28,105.97995,8964626
2023-12-29,111.18047,8946390
2023-12-30,111.18047,8946390
2023-12-31,111.18047,8946390
2024-01-01,111.18047,8946390
2024-01-02,108.068464,8949710
2024-01-03,105.675353,8973454
2024-01-04,105.03169,8950694
2024-01-05,105.523795,8984324
2024-01-06,105.523795,8984324
2024-01-07,105.523795,8984324
2024-01-08,105.761098,8996576
2024-01-09,106.947558,9073284
2024-01-10,107.102077,9033552
2024-01-11,108.024797,8900806
2024-01-12,110.282072,8565932
2024-01-13,110.282072,8565932
2024-01-14,110.282072,8565932
2024-01-15,112.490118,8493483
2024-01-16,115.268605,8381027
2024-01-17,116.181878,8653105
2024-01-18,116.920333,8880308
2024-01-19,116.773619,8945059
2024-01-20,116.773619,8945059
2024-01-21,116.773619,8945059
2024-01-22,115.592836,9029183
2024-01-23,114.410693,9194055
2024-01-24,113.674031,9165361
2024-01-25,112.789543,9210777
2024-01-26,113.047602,9228650
2024-01-27,113.047602,9228650
2024-01-28,113.047602,9228650
2024-01-29,112.499004,9141664
2024-01-30,111.390877,9057685
2024-01-31,112.377274,8977691
2024-02-01,111.852741,8939875
2024-02-02,111.607931,8955746
2024-02-03,111.607931,8955746
2024-02-04,111.607931,8955746
2024-02-05,111.584362,8926973
2024-02-06,112.161666,8966381
2024-02-07,111.649819,8878744
2024-02-08,111.794428,8973207
2024-02-09,111.055973,8889036
2024-02-10,111.055973,8889036
2024-02-11,111.055973,8889036
2024-02-12,111.055973,8889036
2024-02-13,111.055973,8889036
2024-02-14,110.328801,8919529
2024-02-15,110.193517,9052528
2024-02-16,110.011716,9037214
2024-02-17,110.011716,9037214
2024-02-18,110.011716,9037214
2024-02-19,109.855559,9666404
2024-02-20,108.635008,9571946
2024-02-21,107.522167,9578393
2024-02-22,105.018322,9631628
2024-02-23,100.35501,9360199
2024-02-24,100.35501,9360199
2024-02-25,100.35501,9360199
2024-02-26,100.148942,9149616
2024-02-27,99.609846,9027768
2024-02-28,99.826508,8874959
2024-02-29,100.538983,8761117
2024-03-01,100.436918,8805641
2024-03-02,100.436918,8805641
2024-03-03,100.436918,8805641
2024-03-04,100.986528,8902589
2024-03-05,100.510016,9018236
2024-03-06,100.072196,9144604
2024-03-07,99.929002,9051810
2024-03-08,99.865841,9002608
2024-03-09,99.865841,9002608
2024-03-10,99.865841,9002608
2024-03-11,98.677249,8994417
2024-03-12,99.502484,9124505
2024-03-13,98.4047,9093762
2024-03-14,97.663946,8986712
2024-03-15,96.944798,8926944
2024-03-16,96.944798,8926944
2024-03-17,96.944798,8926944
2024-03-18,96.178117,9420200
2024-03-19,95.314374,9573353
2024-03-20,94.658443,9499736
2024-03-21,95.507556,9526700
2024-03-22,99.096724,9621758
2024-03-23,99.096724,9621758
2024-03-24,99.096724,9621758
2024-03-25,96.427767,9750213
2024-03-26,98.018242,9784940
2024-03-27,97.89516,9843637
2024-03-28,101.685898,9498384
2024-03-29,101.685898,9498384
2024-03-30,101.685898,9498384
2024-03-31,101.685898,9498384
2024-04-01,96.004956,9602381
2024-04-02,96.716281,9678826
2024-04-03,97.519793,9663193
2024-04-04,98.124363,9646286
2024-04-05,99.045932,9558979
2024-04-06,99.045932,9558979
2024-04-07,99.045932,9558979
2024-04-08,100.265951,9399957
2024-04-09,101.088872,9448780
2024-04-10,100.49701,9464103
2024-04-11,100.583565,9584659
2024-04-12,100.066032,9570357
2024-04-13,100.066032,9570357
2024-04-14,100.066032,9570357
2024-04-15,99.96702,9670966
2024-04-16,99.705234,9825817
2024-04-17,99.55534,10391268
2024-04-18,99.608251,10502310
2024-04-19,99.311811,10502280
2024-04-20,99.311811,10502280
2024-04-21,99.311811,10502280
2024-04-22,99.445445,10619937
2024-04-23,99.110937,10665961
2024-04-24,97.502691,10625077
2024-04-25,94.725706,10465066
2024-04-26,93.887522,10488583
2024-04-27,93.887522,10488583
2024-04-28,93.887522,10488583
2024-04-29,95.064368,10385551
2024-04-30,98.617608,10412467
2024-05-01,98.617608,10412467
2024-05-02,97.643166,10471392
2024-05-03,95.607593,10486594
2024-05-04,95.607593,10486594
2024-05-05,95.607593,10486594
2024-05-06,95.936096,10524277
2024-05-07,95.725297,10532245
2024-05-08,96.004059,10534899
2024-05-09,95.063756,10429306
2024-05-10,95.335533,10396736
2024-05-11,95.335533,10396736
2024-05-12,95.335533,10396736
2024-05-13,95.150609,10419782
2024-05-14,94.657828,10520988
2024-05-15,94.760423,10474287
2024-05-16,94.059766,10474754
2024-05-17,92.800695,11056490
2024-05-18,92.800695,11056490
2024-05-19,92.800695,11056490
2024-05-20,91.997543,11157929
2024-05-21,90.638321,11312822
2024-05-22,88.758762,11292415
2024-05-23,87.307173,11211364
2024-05-24,85.295498,11195867
2024-05-25,85.295498,11195867
2024-05-26,85.295498,11195867
2024-05-27,84.250709,11282082
2024-05-28,83.559301,11330388
2024-05-29,82.665681,11322693
2024-05-30,82.665681,11322693
2024-05-31,81.978998,11081583
2024-06-01,81.978998,11081583
2024-06-02,81.978998,11081583
2024-06-03,80.568957,11106143
2024-06-04,79.997285,11227945
2024-06-05,78.309599,11319686
2024-06-06,70.682749,11290029
2024-06-07,65.821107,11184248
2024-06-08,65.821107,11184248
2024-06-09,65.821107,11184248
2024-06-10,73.556859,10753298
2024-06-11,78.886789,10895876
2024-06-12,81.239465,10752744
2024-06-13,82.722346,10687585
2024-06-14,83.943221,10730827
2024-06-15,83.943221,10730827
2024-06-16,83.943221,10730827
2024-06-17,83.888225,10897120
2024-06-18,83.273527,11493382
2024-06-19,83.126724,11562616
2024-06-20,82.995889,11637918
2024-06-21,81.846851,11680262
2024-06-22,81.846851,11680262
2024-06-23,81.846851,11680262
2024-06-24,81.239658,11799792
2024-06-25,79.485423,11899662
2024-06-26,78.048072,11937257
2024-06-27,76.159338,11939186
2024-06-28,76.239567,11853943
2024-06-29,76.239567,11853943
2024-06-30,76.239567,11853943
2024-07-01,77.829638,11892182
2024-07-02,79.250977,11975554
2024-07-03,79.934547,11948488
2024-07-04,77.569547,11982489
2024-07-05,75.947039,12104185
2024-07-06,75.947039,12104185
2024-07-07,75.947039,12104185
2024-07-08,76.395263,12134202
2024-07-09,75.588946,12126851
2024-07-10,75.317784,12075280
2024-07-11,74.236742,12085641
2024-07-12,73.400927,12076522
2024-07-13,73.400927,12076522
2024-07-14,73.400927,12076522
2024-07-15,72.325467,12216705
2024-07-16,69.840913,12211408
2024-07-17,70.600999,12012025
2024-07-18,71.686843,11918273
2024-07-19,72.959128,11896453
2024-07-20,72.959128,11896453
2024-07-21,72.959128,11896453
2024-07-22,75.027041,12229678
2024-07-23,75.478561,12246399
2024-07-24,76.12827,12299672
2024-07-25,76.68501,12232661
2024-07-26,77.687725,12214460
2024-07-27,77.687725,12214460
2024-07-28,77.687725,12214460
2024-07-29,77.466712,12198643
2024-07-30,77.383448,12188014
2024-07-31,76.723577,12169733
2024-08-01,75.476934,12164689
2024-08-02,74.3798,12113729
2024-08-03,74.3798,12113729
2024-08-04,74.3798,12113729
2024-08-05,73.761852,12336478
2024-08-06,73.085693,12367485
2024-08-07,72.214125,12433039
2024-08-08,70.5011,12399710
2024-08-09,70.397183,12207517
2024-08-10,70.397183,12207517
2024-08-11,70.397183,12207517
2024-08-12,71.910688,12337447
2024-08-13,71.817851,12451176
2024-08-14,71.620589,12399810
2024-08-15,72.243761,12157963
2024-08-16,74.340756,12017244
2024-08-17,74.340756,12017244
2024-08-18,74.340756,12017244
2024-08-19,75.022824,12171554
2024-08-20,74.083606,12710741
2024-08-21,74.047556,12799187
2024-08-22,74.620575,12802022
2024-08-23,74.514695,12691451
2024-08-24,74.514695,12691451
2024-08-25,74.514695,12691451
2024-08-26,74.361128,12717976
2024-08-27,74.178673,12544858
2024-08-28,74.766208,12390169
2024-08-29,74.765416,12270763
2024-08-30,74.772296,12254264
2024-08-31,74.772296,12254264
2024-09-01,74.772296,12254264
2024-09-02,74.832533,12219844
2024-09-03,74.856049,12160521
2024-09-04,75.040443,12120405
2024-09-05,75.243842,11815197
2024-09-06,76.84836,11713082
2024-09-07,76.84836,11713082
2024-09-08,76.84836,11713082
2024-09-09,77.066465,11784206
2024-09-10,77.72234,11716043
2024-09-11,77.977491,11762728
2024-09-12,78.060147,11752103
2024-09-13,79.367032,11920049
2024-09-14,79.367032,11920049
2024-09-15,79.367032,11920049
2024-09-16,80.671482,11954053
2024-09-17,80.355368,12355985
2024-09-18,80.840781,12252428
2024-09-19,82.516973,12252191
2024-09-20,82.951561,12322932
2024-09-21,82.951561,12322932
2024-09-22,82.951561,12322932
2024-09-23,81.544118,12326816
2024-09-24,80.233473,12493490
2024-09-25,80.108539,12441231
2024-09-26,79.937137,12401249
2024-09-27,80.030963,12296255
2024-09-28,80.030963,12296255
2024-09-29,80.030963,12296255
2024-09-30,79.541138,12305243
2024-10-01,79.575396,12907820
2024-10-02,79.99899,12771543
2024-10-03,79.405049,12579427
2024-10-04,78.168943,12557514
2024-10-05,78.168943,12557514
2024-10-06,78.168943,12557514
2024-10-07,77.806942,12627469
2024-10-08,78.048767,12717451
2024-10-09,79.72714,12491228
2024-10-10,80.469981,12102715
2024-10-11,82.163236,11865855
2024-10-12,82.163236,11865855
2024-10-13,82.163236,11865855
2024-10-14,84.313531,11909725
2024-10-15,85.246862,11912140
2024-10-16,85.354862,11649901
2024-10-17,85.346353,11685081
2024-10-18,85.957116,11632418
2024-10-19,85.957116,11632418
2024-10-20,85.957116,11632418
2024-10-21,89.770574,11523563
2024-10-22,90.796846,11827302
2024-10-23,88.874535,11910123
2024-10-24,87.114474,11937325
2024-10-25,84.977377,11874046
2024-10-26,84.977377,11874046
2024-10-27,84.977377,11874046
2024-10-28,84.424071,12033877
2024-10-29,84.431475,12172454
2024-10-30,82.199795,12266756
2024-10-31,83.523963,12124437
2024-11-01,86.343329,12029651
2024-11-04,86.435252,12277751
2024-11-05,85.010619,12308826
2024-11-06,83.114204,12436673
2024-11-07,82.497422,12473906
2024-11-08,83.356127,12398049
2024-11-11,83.771971,12370978
2024-11-12,84.780725,12322908
2024-11-13,84.212312,12208790
2024-11-14,82.471549,12163095
2024-11-18,82.00161,12262039
2024-11-19,81.421052,12470256
2024-11-21,80.369533,12539930
2024-11-22,79.595536,12528326
2024-11-25,79.86533,13006946
2024-11-26,80.067017,13070883
2024-11-27,79.971612,13091099
2024-11-28,79.177595,13088601
2024-11-29,81.418443,12593673
2024-12-02,79.411442,12626110
2024-12-03,79.272296,12745856
2024-12-04,77.070798,12708850
2024-12-05,75.966457,12752201
2024-12-06,75.325486,12727223
2024-12-09,74.664727,12871350
2024-12-10,74.621513,13146470
2024-12-11,74.237493,13074364
2024-12-12,73.17998,13071184
2024-12-13,68.808934,12623421
2024-12-16,72.08417,12663995
2024-12-17,71.032216,12846218
2024-12-18,70.784847,13597363
2024-12-19,72.378841,13334834
2024-12-20,76.786472,13155174
2024-12-23,74.554921,13194051
2024-12-24,76.857561,13250938
2024-12-26,76.438889,13244379
2024-12-27,76.591037,13273532
2024-12-30,76.859967,13295224
2024-12-31,70.087293,13371851
2025-01-02,71.131021,13403406
2025-01-03,75.644253,13435754
2025-01-06,77.484875,13467855
2025-01-07,77.380754,13480747
2025-01-08,76.260991,13675531
2025-01-09,76.92848,13627432
2025-01-10,77.500151,13642523
2025-01-13,77.694361,13754194
2025-01-14,77.687959,13887017
2025-01-15,77.82108,13747600
2025-01-16,77.555627,13724220
2025-01-17,76.800134,13721461
2025-01-20,76.551352,14165287
2025-01-21,75.52484,14540547
2025-01-22,74.315608,14383310
2025-01-23,74.650358,14365203
2025-01-24,74.99553,14192261
2025-01-27,74.68423,14394654
2025-01-28,74.927767,14393142
2025-01-29,74.944081,14297819
2025-01-30,74.736996,14076701
2025-01-31,74.822528,14438735
2025-02-03,74.986503,14402257
2025-02-04,75.033571,14381341
2025-02-05,75.532049,14279111
2025-02-06,75.220864,14290919
2025-02-07,75.589701,14064825
2025-02-10,75.876944,14189592
2025-02-11,76.536664,14096038
2025-02-12,79.271215,13312380
2025-02-13,79.68484,13090871
2025-02-14,78.455419,13116746
2025-02-17,78.334675,13153001
2025-02-18,78.643928,13821465
2025-02-19,78.219533,13962549
2025-02-20,78.070085,13986387
2025-02-21,78.15026,14010883
2025-02-24,77.947238,14047313
2025-02-25,77.640113,14054700
2025-02-26,77.114874,13992643
2025-02-27,76.39388,13930715
2025-02-28,75.355051,13915789
2025-03-05,74.274441,14200605
2025-03-06,74.053228,14301342
2025-03-07,73.607945,14259160
2025-03-10,71.151187,14193939
2025-03-11,69.589014,14104356
2025-03-12,69.531707,13864467
2025-03-13,69.023597,13927217
2025-03-14,69.527394,13847682
2025-03-17,69.941844,13889703
2025-03-18,70.332976,14405043
2025-03-19,70.884648,14310733
2025-03-20,71.160213,14163665
2025-03-21,71.9947,13996703
2025-03-24,72.043694,14047973
2025-03-25,71.388699,14764271
2025-03-26,69.84595,14633087
2025-03-27,68.347007,14625084
2025-03-28,68.844696,14608819
2025-03-31,68.93834,14531449
2025-04-01,68.859177,14577777
2025-04-02,70.08473,14556624
2025-04-03,70.016965,14586672
2025-04-04,70.070179,14689798
2025-04-07,70.039887,14684186
2025-04-08,70.171749,14722496
2025-04-09,70.094795,14715829
2025-04-10,69.517499,14730153
2025-04-11,69.667952,14729430
2025-04-14,69.808515,14770601
2025-04-15,69.876024,14765107
2025-04-16,69.686703,14822794
2025-04-17,69.702843,14881500
2025-04-22,69.232417,15272448
2025-04-23,68.756319,15736323
2025-04-24,68.406542,15870765
2025-04-25,68.025853,15708491
2025-04-28,67.613662,15757004
2025-04-29,67.335371,15778395
2025-04-30,67.032545,15734336
2025-05-02,66.577794,15838823
2025-05-05,66.081447,15904200
2025-05-06,64.959064,15777683
2025-05-07,60.451345,15558530
2025-05-08,59.374639,15561326
2025-05-09,59.125408,15494172
2025-05-12,58.90172,15540172
2025-05-13,59.266845,15543785
2025-05-14,59.366263,15595393
2025-05-15,59.526136,15568584
2025-05-16,60.174921,15337680
2025-05-19,60.673187,15966102
2025-05-20,60.097072,15985763
2025-05-21,60.415607,16140109
2025-05-22,60.930893,16144141
2025-05-23,60.847119,16243295
2025-05-26,60.767769,16352892
2025-05-27,59.975037,16363336
2025-05-28,59.722606,16283372
2025-05-29,59.762987,16290574
2025-05-30,59.722537,16292224
2025-06-02,59.774811,16255690
2025-06-03,59.850066,16354535
2025-06-04,59.87776,16322152
2025-06-05,59.842045,16224718
2025-06-06,59.805206,16219308
2025-06-09,59.867252,16166404
2025-06-10,59.889192,16172618
2025-06-11,59.903878,16208003
2025-06-12,59.99255,16076964
2025-06-13,59.718791,15831673
2025-06-16,59.508124,15905447
2025-06-17,59.491507,16452008
2025-06-18,59.244598,16564254
2025-06-20,59.31309,16622558
2025-06-23,59.289926,16675546
2025-06-24,58.942918,16593477
2025-06-25,58.798012,16641529
2025-06-26,58.987704,16688451
2025-06-27,58.710308,16689109
2025-06-30,60.588365,16068330
2025-07-01,62.919233,15924306
2025-07-02,62.615366,15925179
2025-07-03,61.895561,16030501
2025-07-04,61.698869,15998877
2025-07-07,61.387977,16053818
2025-07-08,61.344816,16134569
2025-07-09,61.367674,16026525
2025-07-10,61.409448,15451392
2025-07-11,61.297305,15438201
2025-07-14,61.473616,15557857
2025-07-15,61.586123,15506704
2025-07-16,61.591184,15419851
2025-07-17,61.452131,15383442
2025-07-18,61.408279,15126078
2025-07-21,61.81184,14888600
2025-07-22,61.375504,15056596
2025-07-23,61.421158,15114840
2025-07-24,61.006475,15118081
2025-07-25,60.084868,15539882
2025-07-28,59.062944,15592884
2025-07-29,58.817776,15634184
2025-07-30,58.511049,15577825
2025-07-31,58.621967,15515820
2025-08-01,58.762821,15516736
2025-08-04,58.808037,15651822
2025-08-05,58.892495,15620163
2025-08-06,58.866484,15562651
2025-08-07,58.199257,15390588
2025-08-08,57.48758,15350632
2025-08-11,57.033903,15499563
2025-08-12,56.708589,15527736
2025-08-13,56.103734,15466290
2025-08-14,55.184669,15382465
2025-08-15,51.875823,15216308
2025-08-18,49.288989,15295698
2025-08-19,48.543652,15348873
2025-08-20,47.848595,15301326
2025-08-21,47.200858,15347927
2025-08-22,43.797904,15757598
2025-08-25,39.983352,15798611
2025-08-26,38.39871,15925562
2025-08-27,36.47076,16010809
2025-08-28,34.902005,16045949
2025-08-29,32.581544,16207247
2025-09-01,33.207413,16273805
2025-09-02,34.955965,16256463
2025-09-03,37.215639,16073209
2025-09-04,39.177326,15911108
2025-09-05,39.952941,15691063
2025-09-08,42.250277,15554423
2025-09-09,44.52684,15473052
2025-09-10,48.478154,15022549
2025-09-11,49.656524,14676026
2025-09-12,49.424092,14639053
2025-09-15,48.707468,14705766
2025-09-16,48.778217,14807043
2025-09-17,48.192629,14889038
2025-09-18,47.953434,14844615
2025-09-19,47.512762,14776810
2025-09-22,46.935395,14925338
2025-09-23,44.269025,15293255
2025-09-24,42.153132,15400448
2025-09-25,42.071318,15349849
2025-09-26,41.491135,15347295
2025-09-29,41.256567,15394154
2025-09-30,41.013489,15370887
2025-10-01,40.366233,15480227
2025-10-02,39.844005,15479127
2025-10-03,39.652206,15419152
2025-10-06,39.589561,15654702
2025-10-07,40.016731,15514025
2025-10-08,40.169291,15379536
2025-10-09,40.155429,15361987
2025-10-10,40.557014,15406776
2025-10-13,40.982095,15287631
2025-10-14,41.079867,15367040
2025-10-15,41.128239,15126345
2025-10-16,40.655292,15012847
2025-10-17,40.329157,15231492
2025-10-20,39.977443,15368854
2025-10-21,39.27108,15405587
2025-10-22,39.054028,15480679
2025-10-23,38.614017,15449388
2025-10-24,38.032679,15460476
2025-10-27,37.945733,15506127
2025-10-28,36.886366,16004642
2025-10-29,36.063479,15931126
2025-10-30,35.460536,15878721
2025-10-31,35.310751,15893225
2025-11-03,35.351214,15937632
2025-11-04,35.312855,15935380
2025-11-05,35.182725,15830532
2025-11-06,35.110948,15885757
2025-11-07,34.89165,15881547
2025-11-10,35.060152,15772844
2025-11-11,35.44594,15891147
2025-11-12,35.089864,15841741
2025-11-13,34.971831,15824642
2025-11-14,34.951489,15876429
2025-11-17,34.997524,15789127
2025-11-18,35.29765,15985432
2025-11-19,35.442574,15894545
2025-11-21,35.282511,16054263
2025-11-24,35.20966,16154915
2025-11-25,35.082231,16191934
2025-11-26,33.629291,15989168
2025-11-27,33.072537,15951932
2025-11-28,32.497655,15675245
2025-12-01,31.524415,15615970
2025-12-02,31.261061,15489427
2025-12-03,31.168706,15372098
2025-12-04,31.011393,15173780
2025-12-05,30.461406,15106577
2025-12-08,27.169287,15043190
2025-12-09,27.041583,14953494
2025-12-10,26.386429,14795593
2025-12-11,26.032833,14723240
2025-12-12,25.104286,14263203
2025-12-15,25.002514,14215681
2025-12-16,25.028922,14172011
2025-12-17,28.254596,14167375
2025-12-18,30.173846,14100070
2025-12-19,31.395544,13991988
2025-12-22,33.972443,13937650
2025-12-23,35.93671,13912347
2025-12-24,36.060318,13993776
2025-12-26,36.164301,13882051
2025-12-29,36.213825,13896530
2025-12-30,35.621804,13927634
2025-12-31,38.892959,13920823
2026-01-02,36.75398,13899748
2026-01-05,36.600642,13955943
2026-01-06,35.746522,14041137
2026-01-07,34.969817,14035531
2026-01-08,32.390628,14137034
2026-01-09,30.10452,14237385
2026-01-12,27.965915,14367783
2026-01-13,27.687411,14434868
2026-01-14,28.541062,14532165
2026-01-15,29.349361,14534586
2026-01-16,29.510505,14526749
2026-01-19,29.749783,15300375
2026-01-20,30.020601,14947619
2026-01-21,30.377823,14920245
2026-01-22,30.556441,15053803
2026-01-23,30.217221,14937076
2026-01-26,29.908708,15026042
2026-01-27,29.336877,15036843
2026-01-28,29.284482,15032851
2026-01-29,29.282837,15106782
2026-01-30,29.363981,15048673
2026-02-02,29.931611,15184837
2026-02-03,29.638014,15211710
2026-02-04,29.629402,15149132
2026-02-05,30.162992,14652695
2026-02-06,30.982076,14460591
2026-02-09,32.014589,14424445
2026-02-10,33.015161,13832867
2026-02-11,33.012754,13738950
2026-02-12,33.079296,13682978
2026-02-13,33.149106,13715103
2026-02-18,33.005053,13952712
2026-02-19,33.052305,14322465
2026-02-20,33.040886,14417130
2026-02-23,33.109842,14528083
2026-02-24,33.041249,14544552
2026-02-25,32.567446,14533824
2026-02-26,32.081077,14454528
2026-02-27,31.286262,14494911
2026-03-02,30.451132,14586022
2026-03-03,29.613544,14617681
2026-03-04,29.137466,14452630
2026-03-05,29.184002,14417412
2026-03-06,29.081964,14388809
2026-03-09,29.105195,14463821
2026-03-10,29.105304,14351320
2026-03-11,29.163915,14342474
2026-03-12,29.163651,14255062
2026-03-13,29.273292,14167895
2026-03-16,29.211532,14225456
2026-03-17,29.229871,14220499
2026-03-18,29.288634,14407030
2026-03-19,29.31144,14460287
2026-03-20,29.350868,14389067
2026-03-23,29.279555,14341395
2026-03-24,29.21743,14111441
2026-03-25,29.247531,13947865
2026-03-26,29.255346,13839195
2026-03-27,29.164226,13871104
2026-03-30,29.220101,13796625
2026-03-31,29.073735,13715956
2026-04-01,29.107973,13763612
2026-04-02,29.226373,13801149
2026-04-06,29.15424,13839712
2026-04-07,29.148937,13943512
2026-04-08,29.120235,13968144
2026-04-09,29.103626,13899266
2026-04-10,29.1208,13854187
2026-04-13,29.175163,13826363
2026-04-14,29.155514,13793320
2026-04-15,29.113735,13666835
2026-04-16,29.112611,13573128
2026-04-17,29.126017,14190125
2026-04-20,29.098345,14177967
2026-04-22,29.104883,14138433
2026-04-23,29.038475,13949847
2026-04-24,29.083342,13803536
2026-04-27,29.090586,13814018
2026-04-28,29.138233,13814203
2026-04-29,29.142603,13853602
2026-04-30,29.103053,13743792
2026-05-04,29.178102,13829029
2026-05-05,29.122054,13883882
2026-05-06,29.101124,13806434
2026-05-07,29.094924,13680257
2026-05-08,29.074544,13688022
